,,,,,Year,,2026.0,2026.0,2026.0,2026.0,2026.0,2026.0,2026.0,2026.0,2026.0,2026.0,2026.0,2026.0,2026.0
,,,,,Month,,1.0,2.0,3.0,4.0,5.0,6.0,7.0,8.0,9.0,10.0,11.0,12.0,
,,,,,,,,,,,,,,,,,,,
,,,,,,,,,,,,,,,,,,,
,,,,,,,,,,,,,,,,,,,
,,,,,,,,,,,,,,,,,,,
,Awareness,,,,,,,,,,,,,,,,,,
,,,$ Media Budget,,,,4838976.0,,,,,,,,,,,,
,,,$ Cost per Lead (CPL),,,,350.0,,,,,,,,,,,,
,,VM1,# Leads,,,,13825.64571,,,,,,,,,,,,
,,,,# Non-ICP,,,2767.645714,,,,,,,,,,,,
,,CR1,% Lead → MQL,,,,0.8,,,,,,,,,,,,
,,,# MQLs,,,,11058.0,,,,,,,,,,,,
,,,,% Enterprise,,,0.046,,,,,,,,,,,,
,,,,% Large,,,0.0511,,,,,,,,,,,,
,,,,% Medium,,,0.2023,,,,,,,,,,,,
,,,,% Small,,,0.476,,,,,,,,,,,,
,,,,% Tiny,,,0.2246,,,,,,,,,,,,
,,,,# Enterprise,,,508.0,,,,,,,,,,,,
,,,,# Large,,,565.0,,,,,,,,,,,,
,,,,# Medium,,,2237.0,,,,,,,,,,,,
,,,,# Small,,,5264.0,,,,,,,,,,,,
,,,,# Tiny,,,2484.0,,,,,,,,,,,,
,,,$ Cost per MQL (CPMQL),,,,437.5995659,,,,,,,,,,,,
,,,,,,,,,,,,,,,,,,,
,,,,,,,,,,,,,,,,,,,
,Education,,,,,,,,,,,,,,,,,,
,,,,,,,,,,,,,,,,,,,
,,VM2,,# MQLs,,,11058.0,,,,,,,,,,,,
,,CR2,,% MQL → SQL,,,0.2927292458,,,,,,,,,,,,
,,,,# SQLs,,,3237.0,,,,,,,,,,,,
,,,,,,,,,,,,,,,,,,,
,,,Enterprise,,,,,,,,,,,,,,,,
,,VM2,,# MQLs,,,508.0,,,,,,,,,,,,
,,CR2,,% MQL → SQL,,,0.2,,,,,,,,,,,,
,,,,# SQLs,,,101.0,,,,,,,,,,,,
,,,,,,,,,,,,,,,,,,,
,,,Large,,,,,,,,,,,,,,,,
,,,,# MQLs,,,565.0,,,,,,,,,,,,
,,VM2,,% MQL → SQL,,,0.25,,,,,,,,,,,,
,,,,# SQLs,,,141.0,,,,,,,,,,,,
,,,,,,,,,,,,,,,,,,,
,,,Medium,,,,,,,,,,,,,,,,
,,VM2,,# MQLs,,,2237.0,,,,,,,,,,,,
,,CR2,,% MQL → SQL,,,0.3,,,,,,,,,,,,
,,,,# SQLs,,,671.0,,,,,,,,,,,,
,,,,,,,,,,,,,,,,,,,
,,,Small,,,,,,,,,,,,,,,,
,,VM2,,# MQLs,,,5264.0,,,,,,,,,,,,
,,CR2,,% MQL → SQL,,,0.3,,,,,,,,,,,,
,,,,# SQLs,,,1579.0,,,,,,,,,,,,
,,,,,,,,,,,,,,,,,,,
,,,Tiny,,,,,,,,,,,,,,,,
,,VM2,,# MQLs,,,2484.0,,,,,,,,,,,,
,,CR2,,% MQL → SQL,,,0.3,,,,,,,,,,,,
,,,,# SQLs,,,745.0,,,,,,,,,,,,
,,,,,,,,,,,,,,,,,,,
,,,,,,,,,,,,,,,,,,,
,Selection,,,,,,,,,,,,,,,,,,
,,,,,,,,,,,,,,,,,,,
,,VM3,,# SQLs,,,3237.0,,,,,,,,,,,,
,,CR3,,% SQL → SAL (Opportunity),,,1.073911029,,,,,,,,,,,,
,,,,# SALs,,,3476.25,,,,,,,,,,,,
,,,,,,,,,,,,,,,,,,,
,,,Enterprise,,,,,,,,,,,,,,,,
,,VM3,,# SQLs,,,101.0,,,,,,,,,,,,
,,CR3,,% SQL → SAL (Opportunity),,,0.86,,,,,,,,,,,,
,,,,# SALs,,,107.5,,,,,,,,,,,,
,,,,,# Inbound SALs,,86.0,,,,,,,,,,,,
,,,,,# Outbound SALs,,21.5,,,,,,,,,,,,
,,,,,,,,,,,,,,,,,,,
,,,Large,,,,,,,,,,,,,,,,
,,VM3,,# SQLs,,,141.0,,,,,,,,,,,,
,,CR3,,% SQL → SAL (Opportunity),,,0.86,,,,,,,,,,,,
,,,,# SALs,,,151.25,,,,,,,,,,,,
,,,,,# Inbound SALs,,121.0,,,,,,,,,,,,
,,,,,# Outbound SALs,,30.25,,,,,,,,,,,,
,,,,,,,,,,,,,,,,,,,
,,,Medium,,,,,,,,,,,,,,,,
,,VM3,,# SQLs,,,671.0,,,,,,,,,,,,
,,CR3,,% SQL → SAL (Opportunity),,,0.86,,,,,,,,,,,,
,,,,# SALs,,,721.25,,,,,,,,,,,,
,,,,,# Inbound SALs,,577.0,,,,,,,,,,,,
,,,,,# Outbound SALs,,144.25,,,,,,,,,,,,
,,,,,,,,,,,,,,,,,,,
,,,Small,,,,,,,,,,,,,,,,
,,VM3,,# SQLs,,,1579.0,,,,,,,,,,,,
,,CR3,,% SQL → SAL (Opportunity),,,0.86,,,,,,,,,,,,
,,,,# SALs,,,1696.25,,,,,,,,,,,,
,,,,,# Inbound SALs,,1357.0,,,,,,,,,,,,
,,,,,# Outbound SALs,,339.25,,,,,,,,,,,,
,,,,,,,,,,,,,,,,,,,
,,,Tiny,,,,,,,,,,,,,,,,
,,VM3,,# SQLs,,,745.0,,,,,,,,,,,,
,,CR3,,% SQL → SAL (Opportunity),,,0.86,,,,,,,,,,,,
,,,,# SALs,,,800.0,,,,,,,,,,,,
,,,,,# Inbound SALs,,640.0,,,,,,,,,,,,
,,,,,# Outbound SALs,,160.0,,,,,,,,,,,,
,,,,,,,,,,,,,,,,,,,
,,,,,,,,,,,,,,,,,,,
,Closing,,,,,,,,,,,,,,,,,,
,,,,,,,,,,,,,,,,,,,
,,VM4,,# SALs,,,3476.25,,,,,,,,,,,,
,,CR4,,% SAL → WON,,,0.299748292,,,,,,,,,,,,
,,,,% MQL → WON,,,0.09423042141,,,,,,,,,,,,
,,,,# WONs,,,1042.0,,,,,,,,,,,,
,,,,$ Average Ticket ,,,20954.7025,,,,,,,,,,,,
,,,,# Revenue Won,,,21834800.0,,,,,,,,,,,,
,,,,,,,,,,,,,,,,,,,
,,,Enterprise,,,,,,,,,,,,,,,,
,,VM4,,# SALs,,,107.5,,,,,,,,,,,,
,,CR4,,% SAL → WON,,,0.3,,,,,,,,,,,,
,,,,% MQL → WON,,,0.06299212598,,,,,,,,,,,,
,,,,# WONs,,,32.0,,,,,,,,,,,,
,,,,$ Average Ticket ,,,48900.0,,,,,,,,,,,,
,,,,# Revenue Won,,,1564800.0,,,,,,,,,,,,
,,,,,% [Saber],,0.6,,,,,,,,,,,,
,,,,,% [Ter],,0.1,,,,,,,,,,,,
,,,,,% [Executar-no loyalty],,0.0,,,,,,,,,,,,
,,,,,% [Executar-loyalty],,0.2,,,,,,,,,,,,
,,,,,% [Potencializar],,0.1,,,,,,,,,,,,
,,,,,$ [Saber] Average Ticket ,,30000.0,,,,,,,,,,,,
,,,,,$ [Ter]  Average Ticket ,,31600.0,,,,,,,,,,,,
,,,,,$ [Executar-no loyalty] Average Ticket ,,0.0,,,,,,,,,,,,
,,,,,$ [Executar-loyalty] Average Ticket ,,145000.0,,,,,,,,,,,,
,,,,,$ [Potencializar] Average Ticket ,,0.0,,,,,,,,,,,,
,,,,,# Lowest Ticket Index,,1.0,,,,,,,,,,,,
,,,,,# [Saber],,20.0,,,,,,,,,,,,
,,,,,# [Saber] Revenue Won,,600000.0,,,,,,,,,,,,
,,,,,# [Ter],,3.0,,,,,,,,,,,,
,,,,,# [Ter] Revenue Won,,94800.0,,,,,,,,,,,,
,,,,,# [Executar-no loyalty],,0.0,,,,,,,,,,,,
,,,,,# [Executar-no loyalty] Revenue Won,,0.0,,,,,,,,,,,,
,,,,,# [Executar-loyalty],,6.0,,,,,,,,,,,,
,,,,,# [Executar-loyalty] Revenue Won,,870000.0,,,,,,,,,,,,
,,,,,# [Potencializar],,3.0,,,,,,,,,,,,
,,,,,# [Potencializar] Revenue Won,,0.0,,,,,,,,,,,,
,,,,,,,,,,,,,,,,,,,
,,,Large,,,,,,,,,,,,,,,,
,,VM4,,# SALs,,,151.25,,,,,,,,,,,,
,,CR4,,% SAL → WON,,,0.3,,,,,,,,,,,,
,,,,% MQL → WON,,,0.0796460177,,,,,,,,,,,,
,,,,# WONs,,,45.0,,,,,,,,,,,,
,,,,$ Average Ticket ,,,36800.0,,,,,,,,,,,,
,,,,# Revenue Won,,,1656000.0,,,,,,,,,,,,
,,,,,% [Saber],,0.6,,,,,,,,,,,,
,,,,,% [Ter],,0.1,,,,,,,,,,,,
,,,,,% [Executar-no loyalty],,0.0,,,,,,,,,,,,
,,,,,% [Executar-loyalty],,0.2,,,,,,,,,,,,
,,,,,% [Potencializar],,0.1,,,,,,,,,,,,
,,,,,$ [Saber] Average Ticket ,,25000.0,,,,,,,,,,,,
,,,,,$ [Ter]  Average Ticket ,,18000.0,,,,,,,,,,,,
,,,,,$ [Executar-no loyalty] Average Ticket ,,0.0,,,,,,,,,,,,
,,,,,$ [Executar-loyalty] Average Ticket ,,99000.0,,,,,,,,,,,,
,,,,,$ [Potencializar] Average Ticket ,,0.0,,,,,,,,,,,,
,,,,,# Lowest Ticket Index,,2.0,,,,,,,,,,,,
,,,,,# [Saber],,27.0,,,,,,,,,,,,
,,,,,# [Saber] Revenue Won,,675000.0,,,,,,,,,,,,
,,,,,# [Ter],,5.0,,,,,,,,,,,,
,,,,,# [Ter] Revenue Won,,90000.0,,,,,,,,,,,,
,,,,,# [Executar-no loyalty],,0.0,,,,,,,,,,,,
,,,,,# [Executar-no loyalty] Revenue Won,,0.0,,,,,,,,,,,,
,,,,,# [Executar-loyalty],,9.0,,,,,,,,,,,,
,,,,,# [Executar-loyalty] Revenue Won,,891000.0,,,,,,,,,,,,
,,,,,# [Potencializar],,4.0,,,,,,,,,,,,
,,,,,# [Potencializar] Revenue Won,,0.0,,,,,,,,,,,,
,,,,,,,,,,,,,,,,,,,
,,,,,,,,,,,,,,,,,,,
,,,Medium,,,,,,,,,,,,,,,,
,,VM4,,# SALs,,,721.25,,,,,,,,,,,,
,,CR4,,% SAL → WON,,,0.3,,,,,,,,,,,,
,,,,% MQL → WON,,,0.09655789003,,,,,,,,,,,,
,,,,# WONs,,,216.0,,,,,,,,,,,,
,,,,$ Average Ticket ,,,28060.18519,,,,,,,,,,,,
,,,,# Revenue Won,,,6061000.0,,,,,,,,,,,,
,,,,,% [Saber],,0.6,,,,,,,,,,,,
,,,,,% [Ter],,0.1,,,,,,,,,,,,
,,,,,% [Executar-no loyalty],,0.0,,,,,,,,,,,,
,,,,,% [Executar-loyalty],,0.3,,,,,,,,,,,,
,,,,,% [Potencializar],,0.0,,,,,,,,,,,,
,,,,,$ [Saber] Average Ticket ,,20000.0,,,,,,,,,,,,
,,,,,$ [Ter]  Average Ticket ,,15000.0,,,,,,,,,,,,
,,,,,$ [Executar-no loyalty] Average Ticket ,,0.0,,,,,,,,,,,,
,,,,,$ [Executar-loyalty] Average Ticket ,,49000.0,,,,,,,,,,,,
,,,,,$ [Potencializar] Average Ticket ,,0.0,,,,,,,,,,,,
,,,,,# Lowest Ticket Index,,2.0,,,,,,,,,,,,
,,,,,# [Saber],,129.0,,,,,,,,,,,,
,,,,,# [Saber] Revenue Won,,2580000.0,,,,,,,,,,,,
,,,,,# [Ter],,23.0,,,,,,,,,,,,
,,,,,# [Ter] Revenue Won,,345000.0,,,,,,,,,,,,
,,,,,# [Executar-no loyalty],,0.0,,,,,,,,,,,,
,,,,,# [Executar-no loyalty] Revenue Won,,0.0,,,,,,,,,,,,
,,,,,# [Executar-loyalty],,64.0,,,,,,,,,,,,
,,,,,# [Executar-loyalty] Revenue Won,,3136000.0,,,,,,,,,,,,
,,,,,# [Potencializar],,0.0,,,,,,,,,,,,
,,,,,# [Potencializar] Revenue Won,,0.0,,,,,,,,,,,,
,,,,,,,,,,,,,,,,,,,
,,,,,,,,,,,,,,,,,,,
,,,Small,,,,,,,,,,,,,,,,
,,VM4,,# SALs,,,1696.25,,,,,,,,,,,,
,,CR4,,% SAL → WON,,,0.3,,,,,,,,,,,,
,,,,% MQL → WON,,,0.09669452888,,,,,,,,,,,,
,,,,# WONs,,,509.0,,,,,,,,,,,,
,,,,$ Average Ticket ,,,18296.66012,,,,,,,,,,,,
,,,,# Revenue Won,,,9313000.0,,,,,,,,,,,,
,,,,,% [Saber],,0.8,,,,,,,,,,,,
,,,,,% [Ter],,0.2,,,,,,,,,,,,
,,,,,% [Executar-no loyalty],,0.0,,,,,,,,,,,,
,,,,,% [Executar-loyalty],,0.0,,,,,,,,,,,,
,,,,,% [Potencializar],,0.0,,,,,,,,,,,,
,,,,,$ [Saber] Average Ticket ,,20000.0,,,,,,,,,,,,
,,,,,$ [Ter]  Average Ticket ,,11500.0,,,,,,,,,,,,
,,,,,$ [Executar-no loyalty] Average Ticket ,,0.0,,,,,,,,,,,,
,,,,,$ [Executar-loyalty] Average Ticket ,,0.0,,,,,,,,,,,,
,,,,,$ [Potencializar] Average Ticket ,,0.0,,,,,,,,,,,,
,,,,,# Lowest Ticket Index,,2.0,,,,,,,,,,,,
,,,,,# [Saber],,407.0,,,,,,,,,,,,
,,,,,# [Saber] Revenue Won,,8140000.0,,,,,,,,,,,,
,,,,,# [Ter],,102.0,,,,,,,,,,,,
,,,,,# [Ter] Revenue Won,,1173000.0,,,,,,,,,,,,
,,,,,# [Executar-no loyalty],,0.0,,,,,,,,,,,,
,,,,,# [Executar-no loyalty] Revenue Won,,0.0,,,,,,,,,,,,
,,,,,# [Executar-loyalty],,0.0,,,,,,,,,,,,
,,,,,# [Executar-loyalty] Revenue Won,,0.0,,,,,,,,,,,,
,,,,,# [Potencializar],,0.0,,,,,,,,,,,,
,,,,,# [Potencializar] Revenue Won,,0.0,,,,,,,,,,,,
,,,,,,,,,,,,,,,,,,,
,,,Tiny,,,,,,,,,,,,,,,,
,,VM4,,# SALs,,,800.0,,,,,,,,,,,,
,,CR4,,% SAL → WON,,,0.3,,,,,,,,,,,,
,,,,% MQL → WON,,,0.09661835749,,,,,,,,,,,,
,,,,# WONs,,,240.0,,,,,,,,,,,,
,,,,$ Average Ticket ,,,13500.0,,,,,,,,,,,,
,,,,# Revenue Won,,,3240000.0,,,,,,,,,,,,
,,,,,% [Saber],,0.8,,,,,,,,,,,,
,,,,,% [Ter],,0.2,,,,,,,,,,,,
,,,,,% [Executar-no loyalty],,0.0,,,,,,,,,,,,
,,,,,% [Executar-loyalty],,0.0,,,,,,,,,,,,
,,,,,% [Potencializar],,0.0,,,,,,,,,,,,
,,,,,$ [Saber] Average Ticket ,,15000.0,,,,,,,,,,,,
,,,,,$ [Ter]  Average Ticket ,,7500.0,,,,,,,,,,,,
,,,,,$ [Executar-no loyalty] Average Ticket ,,0.0,,,,,,,,,,,,
,,,,,$ [Executar-loyalty] Average Ticket ,,0.0,,,,,,,,,,,,
,,,,,$ [Potencializar] Average Ticket ,,0.0,,,,,,,,,,,,
,,,,,# Lowest Ticket Index,,2.0,,,,,,,,,,,,
,,,,,# [Saber],,192.0,,,,,,,,,,,,
,,,,,# [Saber] Revenue Won,,2880000.0,,,,,,,,,,,,
,,,,,# [Ter],,48.0,,,,,,,,,,,,
,,,,,# [Ter] Revenue Won,,360000.0,,,,,,,,,,,,
,,,,,# [Executar-no loyalty],,0.0,,,,,,,,,,,,
,,,,,# [Executar-no loyalty] Revenue Won,,0.0,,,,,,,,,,,,
,,,,,# [Executar-loyalty],,0.0,,,,,,,,,,,,
,,,,,# [Executar-loyalty] Revenue Won,,0.0,,,,,,,,,,,,
,,,,,# [Potencializar],,0.0,,,,,,,,,,,,
,,,,,# [Potencializar] Revenue Won,,0.0,,,,,,,,,,,,
,,,,,,,,,,,,,,,,,,,
,,,,,,,,,,,,,,,,,,,
,Activation,,,,,,,,,,,,,,,,,,
,,VM5,,# WONs,,,1042.0,,,,,,,,,,,,
,,CR5,,% WONs → Activation,,,0.9261036468,,,,,,,,,,,,
,,,,# Customers Activated,,,965.0,,,,,,,,,,,,
,,,,,,,,,,,,,,,,,,,
,,VM5,,# Revenue Won,,,21834800.0,,,,,,,,,,,,
,,CR5,,% Revenue Won → Activation,,,0.93,,,,,,,,,,,,
,,,,$ Revenue Activated,,,20306364.0,,,,,,,,,,,,
,,,,,,,,,,,,,,,,,,,
,,,Enterprise,,,,,,,,,,,,,,,,
,,,,# WONs,,,32.0,,,,,,,,,,,,
,,,,% Activations,,,0.875,,,,,,,,,,,,
,,,,# Activations,,,28.0,,,,,,,,,,,,
,,,,$ Revenue Activated,,,0.93,,,,,,,,,,,,
,,,,# Revenue Activations,,,1455264.0,,,,,,,,,,,,
,,,,,%  [Saber],,0.93,,,,,,,,,,,,
,,,,,%  Revenue [Saber],,0.93,,,,,,,,,,,,
,,,,,%  [Ter],,0.93,,,,,,,,,,,,
,,,,,%  Revenue [Ter] ,,0.93,,,,,,,,,,,,
,,,,,%  [Executar-no loyalty],,0.93,,,,,,,,,,,,
,,,,,%  Revenue [Executar-no loyalty],,0.93,,,,,,,,,,,,
,,,,,%  [Executar-loyalty],,0.93,,,,,,,,,,,,
,,,,,%  Revenue [Executar-loyalty],,0.93,,,,,,,,,,,,
,,,,,%  [Potencializar],,0.93,,,,,,,,,,,,
,,,,,%  Revenue [Potencializar],,0.93,,,,,,,,,,,,
,,,,,#   [Saber],,19.0,,,,,,,,,,,,
,,,,,$   Revenue [Saber],,558000.0,,,,,,,,,,,,
,,,,,#   [Ter],,3.0,,,,,,,,,,,,
,,,,,$   Revenue [Ter],,88164.0,,,,,,,,,,,,
,,,,,#   [Executar-no loyalty],,0.0,,,,,,,,,,,,
,,,,,$   Revenue [Executar-no loyalty],,0.0,,,,,,,,,,,,
,,,,,#   [Executar-loyalty],,6.0,,,,,,,,,,,,
,,,,,$   Revenue [Executar-loyalty] ,,809100.0,,,,,,,,,,,,
,,,,,#   [Potencializar],,3.0,,,,,,,,,,,,
,,,,,$   Revenue [Potencializar],,0.0,,,,,,,,,,,,
,,,,,,,,,,,,,,,,,,,
,,,Large,,,,,,,,,,,,,,,,
,,,,# WONs,,,45.0,,,,,,,,,,,,
,,,,% Activations,,,0.8444444444,,,,,,,,,,,,
,,,,# Activations,,,38.0,,,,,,,,,,,,
,,,,$ Revenue Activated,,,0.93,,,,,,,,,,,,
,,,,# Revenue Activations,,,1540080.0,,,,,,,,,,,,
,,,,,%  [Saber],,0.93,,,,,,,,,,,,
,,,,,%  Revenue [Saber],,0.93,,,,,,,,,,,,
,,,,,%  [Ter],,0.93,,,,,,,,,,,,
,,,,,%  Revenue [Ter] ,,0.93,,,,,,,,,,,,
,,,,,%  [Executar-no loyalty],,0.93,,,,,,,,,,,,
,,,,,%  Revenue [Executar-no loyalty],,0.93,,,,,,,,,,,,
,,,,,%  [Executar-loyalty],,0.93,,,,,,,,,,,,
,,,,,%  Revenue [Executar-loyalty],,0.93,,,,,,,,,,,,
,,,,,%  [Potencializar],,0.93,,,,,,,,,,,,
,,,,,%  Revenue [Potencializar],,0.93,,,,,,,,,,,,
,,,,,#   [Saber],,25.0,,,,,,,,,,,,
,,,,,$   Revenue [Saber],,627750.0,,,,,,,,,,,,
,,,,,#   [Ter],,5.0,,,,,,,,,,,,
,,,,,$   Revenue [Ter],,83700.0,,,,,,,,,,,,
,,,,,#   [Executar-no loyalty],,0.0,,,,,,,,,,,,
,,,,,$   Revenue [Executar-no loyalty],,0.0,,,,,,,,,,,,
,,,,,#   [Executar-loyalty],,8.0,,,,,,,,,,,,
,,,,,$   Revenue [Executar-loyalty] ,,828630.0,,,,,,,,,,,,
,,,,,#   [Potencializar],,4.0,,,,,,,,,,,,
,,,,,$   Revenue [Potencializar],,0.0,,,,,,,,,,,,
,,,,,,,,,,,,,,,,,,,
,,,Medium,,,,,,,,,,,,,,,,
,,,,# WONs,,,216.0,,,,,,,,,,,,
,,,,%  Activations,,,0.9305555556,,,,,,,,,,,,
,,,,#  Activations,,,201.0,,,,,,,,,,,,
,,,,$  Revenue Activated,,,0.93,,,,,,,,,,,,
,,,,#  Revenue Activations,,,5636730.0,,,,,,,,,,,,
,,,,,%  [Saber],,0.93,,,,,,,,,,,,
,,,,,%  Revenue [Saber],,0.93,,,,,,,,,,,,
,,,,,%  [Ter],,0.93,,,,,,,,,,,,
,,,,,%  Revenue [Ter] ,,0.93,,,,,,,,,,,,
,,,,,%  [Executar-no loyalty],,0.93,,,,,,,,,,,,
,,,,,%  Revenue [Executar-no loyalty],,0.93,,,,,,,,,,,,
,,,,,%  [Executar-loyalty],,0.93,,,,,,,,,,,,
,,,,,%  Revenue [Executar-loyalty],,0.93,,,,,,,,,,,,
,,,,,%  [Potencializar],,0.0,,,,,,,,,,,,
,,,,,%  Revenue [Potencializar],,0.0,,,,,,,,,,,,
,,,,,#   [Saber],,120.0,,,,,,,,,,,,
,,,,,$   Revenue [Saber],,2399400.0,,,,,,,,,,,,
,,,,,#   [Ter],,21.0,,,,,,,,,,,,
,,,,,$   Revenue [Ter],,320850.0,,,,,,,,,,,,
,,,,,#   [Executar-no loyalty],,0.0,,,,,,,,,,,,
,,,,,$   Revenue [Executar-no loyalty],,0.0,,,,,,,,,,,,
,,,,,#   [Executar-loyalty],,60.0,,,,,,,,,,,,
,,,,,$   Revenue [Executar-loyalty] ,,2916480.0,,,,,,,,,,,,
,,,,,#   [Potencializar],,0.0,,,,,,,,,,,,
,,,,,$   Revenue [Potencializar],,0.0,,,,,,,,,,,,
,,,,,,,,,,,,,,,,,,,
,,,Small,,,,,,,,,,,,,,,,
,,,,# WONs,,,509.0,,,,,,,,,,,,
,,,,% Small Activations,,,0.931237721,,,,,,,,,,,,
,,,,# Small Activations,,,474.0,,,,,,,,,,,,
,,,,$ Small Revenue Activated,,,0.93,,,,,,,,,,,,
,,,,# Small Revenue Activations,,,8661090.0,,,,,,,,,,,,
,,,,,%  [Saber],,0.93,,,,,,,,,,,,
,,,,,%  Revenue [Saber],,0.93,,,,,,,,,,,,
,,,,,%  [Ter],,0.93,,,,,,,,,,,,
,,,,,%  Revenue [Ter] ,,0.93,,,,,,,,,,,,
,,,,,%  [Executar-no loyalty],,0.0,,,,,,,,,,,,
,,,,,%  Revenue [Executar-no loyalty],,0.0,,,,,,,,,,,,
,,,,,%  [Executar-loyalty],,0.0,,,,,,,,,,,,
,,,,,%  Revenue [Executar-loyalty],,0.0,,,,,,,,,,,,
,,,,,%  [Potencializar],,0.0,,,,,,,,,,,,
,,,,,%  Revenue [Potencializar],,0.0,,,,,,,,,,,,
,,,,,#   [Saber],,379.0,,,,,,,,,,,,
,,,,,$   Revenue [Saber],,7570200.0,,,,,,,,,,,,
,,,,,#   [Ter],,95.0,,,,,,,,,,,,
,,,,,$   Revenue [Ter],,1090890.0,,,,,,,,,,,,
,,,,,#   [Executar-no loyalty],,0.0,,,,,,,,,,,,
,,,,,$   Revenue [Executar-no loyalty],,0.0,,,,,,,,,,,,
,,,,,#   [Executar-loyalty],,0.0,,,,,,,,,,,,
,,,,,$   Revenue [Executar-loyalty] ,,0.0,,,,,,,,,,,,
,,,,,#   [Potencializar],,0.0,,,,,,,,,,,,
,,,,,$   Revenue [Potencializar],,0.0,,,,,,,,,,,,
,,,,,,,,,,,,,,,,,,,
,,,Tiny,,,,,,,,,,,,,,,,
,,,,# WONs,,,240.0,,,,,,,,,,,,
,,,,% Tiny Activations,,,0.9333333333,,,,,,,,,,,,
,,,,# Tiny Activations,,,224.0,,,,,,,,,,,,
,,,,$ Tiny Revenue Activated,,,0.93,,,,,,,,,,,,
,,,,# Tiny Revenue Activations,,,3013200.0,,,,,,,,,,,,
,,,,,%  [Saber],,0.93,,,,,,,,,,,,
,,,,,%  Revenue [Saber],,0.93,,,,,,,,,,,,
,,,,,%  [Ter],,0.93,,,,,,,,,,,,
,,,,,%  Revenue [Ter] ,,0.93,,,,,,,,,,,,
,,,,,%  [Executar-no loyalty],,0.0,,,,,,,,,,,,
,,,,,%  Revenue [Executar-no loyalty],,0.0,,,,,,,,,,,,
,,,,,%  [Executar-loyalty],,0.0,,,,,,,,,,,,
,,,,,%  Revenue [Executar-loyalty],,0.0,,,,,,,,,,,,
,,,,,%  [Potencializar],,0.0,,,,,,,,,,,,
,,,,,%  Revenue [Potencializar],,0.0,,,,,,,,,,,,
,,,,,#   [Saber],,179.0,,,,,,,,,,,,
,,,,,$   Revenue [Saber],,2678400.0,,,,,,,,,,,,
,,,,,#   [Ter],,45.0,,,,,,,,,,,,
,,,,,$   Revenue [Ter],,334800.0,,,,,,,,,,,,
,,,,,#   [Executar-no loyalty],,0.0,,,,,,,,,,,,
,,,,,$   Revenue [Executar-no loyalty],,0.0,,,,,,,,,,,,
,,,,,#   [Executar-loyalty],,0.0,,,,,,,,,,,,
,,,,,$   Revenue [Executar-loyalty] ,,0.0,,,,,,,,,,,,
,,,,,#   [Potencializar],,0.0,,,,,,,,,,,,
,,,,,$   Revenue [Potencializar],,0.0,,,,,,,,,,,,
,,,,,,,,,,,,,,,,,,,
,,,,,,,,,,,,,,,,,,,
,Onboarding,,,,,,,,,,,,,,,,,,
,,VM6,# Customers Activated,,,,965.0,,,,,,,,,,,,
,,CR6,# Customers Activated → Live,,,,1.0,,,,,,,,,,,,
,,,# Customers Go Live,,,,965.0,,,,,,,,,,,,
,,,,,,,,,,,,,,,,,,,
,,VM6,$ Revenue Activated,,,,20306364.0,,,,,,,,,,,,
,,CR6,$ Revenue Activated → Live,,,,1.0,,,,,,,,,,,,
,,,$ Revenue Live,,,,20306364.0,,,,,,,,,,,,
,,,,,,,0.0,,,,,,,,,,,,
,,,Enterprise,,,,,,,,,,,,,,,,
,,,,% Enterprise Go Lives,,,1.0,,,,,,,,,,,,
,,,,# Enterprise Go Lives,,,28.0,,,,,,,,,,,,
,,,,% Enterprise Revenue Live,,,1.0,,,,,,,,,,,,
,,,,$ Enterprise Revenue Live,,,1455264.0,,,,,,,,,,,,
,,,,,% Enterprise [Saber],,1.0,,,,,,,,,,,,
,,,,,% Enterprise Revenue [Saber],,1.0,,,,,,,,,,,,
,,,,,% Enterprise [Ter],,1.0,,,,,,,,,,,,
,,,,,% Enterprise Revenue [Ter] ,,1.0,,,,,,,,,,,,
,,,,,% Enterprise [Executar-no loyalty],,1.0,,,,,,,,,,,,
,,,,,% Enterprise Revenue [Executar-no loyalty],,1.0,,,,,,,,,,,,
,,,,,% Enterprise [Executar-loyalty],,1.0,,,,,,,,,,,,
,,,,,% Enterprise Revenue [Executar-loyalty],,1.0,,,,,,,,,,,,
,,,,,% Enterprise [Potencializar],,1.0,,,,,,,,,,,,
,,,,,% Enterprise Revenue [Potencializar],,1.0,,,,,,,,,,,,
,,,,,# Enterprise Go Lives [Saber],,19.0,,,,,,,,,,,,
,,,,,$ Enterprise Revenue Live [Saber],,558000.0,,,,,,,,,,,,
,,,,,# Enterprise Go Lives [Ter],,3.0,,,,,,,,,,,,
,,,,,$ Enterprise Revenue Live [Ter],,88164.0,,,,,,,,,,,,
,,,,,# Enterprise Go Lives [Executar-no loyalty],,0.0,,,,,,,,,,,,
,,,,,$ Enterprise Revenue Live [Executar-no loyalty],,0.0,,,,,,,,,,,,
,,,,,# Enterprise Go Lives [Executar-loyalty],,6.0,,,,,,,,,,,,
,,,,,$ Enterprise Revenue Live [Executar-loyalty],,809100.0,,,,,,,,,,,,
,,,,,# Enterprise Go Lives [Potencializar],,3.0,,,,,,,,,,,,
,,,,,$ Enterprise Revenue Live [Potencializar],,0.0,,,,,,,,,,,,
,,,,,,,,,,,,,,,,,,,
,,,Large,,,,,,,,,,,,,,,,
,,,,% Large Go Lives,,,1.0,,,,,,,,,,,,
,,,,# Large Go Lives,,,38.0,,,,,,,,,,,,
,,,,% Large Revenue Live,,,1.0,,,,,,,,,,,,
,,,,$ Large Revenue Live,,,1540080.0,,,,,,,,,,,,
,,,,,% Large [Saber],,1.0,,,,,,,,,,,,
,,,,,% Large Revenue [Saber],,1.0,,,,,,,,,,,,
,,,,,% Large [Ter],,1.0,,,,,,,,,,,,
,,,,,% Large Revenue [Ter] ,,1.0,,,,,,,,,,,,
,,,,,% Large [Executar-no loyalty],,1.0,,,,,,,,,,,,
,,,,,% Large Revenue [Executar-no loyalty],,1.0,,,,,,,,,,,,
,,,,,% Large [Executar-loyalty],,1.0,,,,,,,,,,,,
,,,,,% Large Revenue [Executar-loyalty],,1.0,,,,,,,,,,,,
,,,,,% Large [Potencializar],,1.0,,,,,,,,,,,,
,,,,,% Large Revenue [Potencializar],,1.0,,,,,,,,,,,,
,,,,,# Large Go Lives [Saber],,25.0,,,,,,,,,,,,
,,,,,$ Large Revenue Live [Saber],,627750.0,,,,,,,,,,,,
,,,,,# Large Go Lives [Ter],,5.0,,,,,,,,,,,,
,,,,,$ Large Revenue Live [Ter],,83700.0,,,,,,,,,,,,
,,,,,# Large Go Lives [Executar-no loyalty],,0.0,,,,,,,,,,,,
,,,,,$ Large Revenue Live [Executar-no loyalty],,0.0,,,,,,,,,,,,
,,,,,# Large Go Lives [Executar-loyalty],,8.0,,,,,,,,,,,,
,,,,,$ Large Revenue Live [Executar-loyalty],,828630.0,,,,,,,,,,,,
,,,,,# Large Go Lives [Potencializar],,4.0,,,,,,,,,,,,
,,,,,$ Large Revenue Live [Potencializar],,0.0,,,,,,,,,,,,
,,,,,,,,,,,,,,,,,,,
,,,Medium,,,,,,,,,,,,,,,,
,,,,% Medium Go Lives,,,1.0,,,,,,,,,,,,
,,,,# Medium Go Lives,,,201.0,,,,,,,,,,,,
,,,,% Medium Revenue Live,,,1.0,,,,,,,,,,,,
,,,,$ Medium Revenue Live,,,5636730.0,,,,,,,,,,,,
,,,,,% Medium [Saber],,1.0,,,,,,,,,,,,
,,,,,% Medium Revenue [Saber],,1.0,,,,,,,,,,,,
,,,,,% Medium [Ter],,1.0,,,,,,,,,,,,
,,,,,% Medium Revenue [Ter] ,,1.0,,,,,,,,,,,,
,,,,,% Medium [Executar-no loyalty],,1.0,,,,,,,,,,,,
,,,,,% Medium Revenue [Executar-no loyalty],,1.0,,,,,,,,,,,,
,,,,,% Medium [Executar-loyalty],,1.0,,,,,,,,,,,,
,,,,,% Medium Revenue [Executar-loyalty],,1.0,,,,,,,,,,,,
,,,,,% Medium [Potencializar],,1.0,,,,,,,,,,,,
,,,,,% Medium Revenue [Potencializar],,1.0,,,,,,,,,,,,
,,,,,# Medium Go Lives [Saber],,120.0,,,,,,,,,,,,
,,,,,$ Medium Revenue Live [Saber],,2399400.0,,,,,,,,,,,,
,,,,,# Medium Go Lives [Ter],,21.0,,,,,,,,,,,,
,,,,,$ Medium Revenue Live [Ter],,320850.0,,,,,,,,,,,,
,,,,,# Medium Go Lives [Executar-no loyalty],,0.0,,,,,,,,,,,,
,,,,,$ Medium Revenue Live [Executar no- loyalty],,0.0,,,,,,,,,,,,
,,,,,# Medium Go Lives [Executar-loyalty],,60.0,,,,,,,,,,,,
,,,,,$ Medium Revenue Live [Executar-loyalty],,2916480.0,,,,,,,,,,,,
,,,,,# Medium Go Lives [Potencializar],,0.0,,,,,,,,,,,,
,,,,,$ Medium Revenue Live [Potencializar],,0.0,,,,,,,,,,,,
,,,,,,,,,,,,,,,,,,,
,,,Small,,,,,,,,,,,,,,,,
,,,,% Small Go Lives,,,1.0,,,,,,,,,,,,
,,,,# Small Go Lives,,,474.0,,,,,,,,,,,,
,,,,% Small Revenue Live,,,1.0,,,,,,,,,,,,
,,,,$ Small Revenue Live,,,8661090.0,,,,,,,,,,,,
,,,,,% Small [Saber],,1.0,,,,,,,,,,,,
,,,,,% Small Revenue [Saber],,1.0,,,,,,,,,,,,
,,,,,% Small [Ter],,1.0,,,,,,,,,,,,
,,,,,% Small Revenue [Ter] ,,1.0,,,,,,,,,,,,
,,,,,% Small [Executar-no loyalty],,0.0,,,,,,,,,,,,
,,,,,% Small Revenue [Executar-no loyalty],,0.0,,,,,,,,,,,,
,,,,,% Small [Executar-loyalty],,0.0,,,,,,,,,,,,
,,,,,% Small Revenue [Executar-loyalty],,0.0,,,,,,,,,,,,
,,,,,% Small [Potencializar],,0.0,,,,,,,,,,,,
,,,,,% Small Revenue [Potencializar],,0.0,,,,,,,,,,,,
,,,,,# Small Go Lives [Saber],,379.0,,,,,,,,,,,,
,,,,,$ Small Revenue Live [Saber],,7570200.0,,,,,,,,,,,,
,,,,,# Small Go Lives [Ter],,95.0,,,,,,,,,,,,
,,,,,$ Small Revenue Live [Ter],,1090890.0,,,,,,,,,,,,
,,,,,# Small Go Lives [Executar-no loyalty],,0.0,,,,,,,,,,,,
,,,,,$ Small Revenue Live [Executar-no loyalty],,0.0,,,,,,,,,,,,
,,,,,# Small Go Lives [Executar-loyalty],,0.0,,,,,,,,,,,,
,,,,,$ Small Revenue Live [Executar-loyalty],,0.0,,,,,,,,,,,,
,,,,,# Small Go Lives [Potencializar],,0.0,,,,,,,,,,,,
,,,,,$ Small Revenue Live [Potencializar],,0.0,,,,,,,,,,,,
,,,,,,,,,,,,,,,,,,,
,,,Tiny,,,,,,,,,,,,,,,,
,,,,% Tiny Go Lives,,,1.0,,,,,,,,,,,,
,,,,# Tiny Go Lives,,,224.0,,,,,,,,,,,,
,,,,% Tiny Revenue Live,,,1.0,,,,,,,,,,,,
,,,,$ Tiny Revenue Live,,,3013200.0,,,,,,,,,,,,
,,,,,% Tiny [Saber],,1.0,,,,,,,,,,,,
,,,,,% Tiny Revenue [Saber],,1.0,,,,,,,,,,,,
,,,,,% Tiny [Ter],,1.0,,,,,,,,,,,,
,,,,,% Tiny Revenue [Ter] ,,1.0,,,,,,,,,,,,
,,,,,% Tiny [Executar-no loyalty],,0.0,,,,,,,,,,,,
,,,,,% Tiny Revenue [Executar-no loyalty],,0.0,,,,,,,,,,,,
,,,,,% Tiny [Executar-loyalty],,0.0,,,,,,,,,,,,
,,,,,% Tiny Revenue [Executar-loyalty],,0.0,,,,,,,,,,,,
,,,,,% Tiny [Potencializar],,0.0,,,,,,,,,,,,
,,,,,% Tiny Revenue [Potencializar],,0.0,,,,,,,,,,,,
,,,,,# Tiny Go Lives [Saber],,179.0,,,,,,,,,,,,
,,,,,$ Tiny Revenue Live [Saber],,2678400.0,,,,,,,,,,,,
,,,,,# Tiny Go Lives [Ter],,45.0,,,,,,,,,,,,
,,,,,$ Tiny Revenue Live [Ter],,334800.0,,,,,,,,,,,,
,,,,,# Tiny Go Lives [Executar-no loyalty],,0.0,,,,,,,,,,,,
,,,,,$ Tiny Revenue Live [Executar-no loyalty],,0.0,,,,,,,,,,,,
,,,,,# Tiny Go Lives [Executar-loyalty],,0.0,,,,,,,,,,,,
,,,,,$ Tiny Revenue Live [Executar-loyalty],,0.0,,,,,,,,,,,,
,,,,,# Tiny Go Lives [Potencializar],,0.0,,,,,,,,,,,,
,,,,,$ Tiny Revenue Live [Potencializar],,0.0,,,,,,,,,,,,
,,,,,,,,,,,,,,,,,,,
,,,,,,,,,,,,,,,,,,,
,Renewall,,,,,,,,,,,,,,,,,,
,,,,,,,,,,,,,,,,,,,
,,VM6,$ [Executar] Revenue Live,,,,4554210.0,0.0,0.0,0.0,0.0,0.0,0.0,0.0,0.0,0.0,0.0,0.0,
,,VM8,$ [Executar] Expansion Revenue Won,,,,0.0,120000.0,160000.0,66000.0,42000.0,384000.0,36000.0,24000.0,352000.0,0.0,0.0,328000.0,
,,,,,,,,,,,,,,,,,,,
,,CR7,% Revenue Renewal,,,,,,,,,,,,,,,,
,,VM7,$ Revenue Renewal,,,,0.0,31500.0,34650.0,134115.0,112326.5,175719.15,140651.065,819580.1715,330120.5887,480833.0475,443484.1523,252794.0875,
,,,,,,,,,,,,,,,,,,,
,,,Enterprise,,,,,,,,,,,,,,,,
,,,,$ Enterprise Renewal [Executar-no loyalty],,,,,,,,,,,,,,,
,,,,,$ [Executar-no loyalty] Revenue Expansion,,0.0,0.0,0.0,0.0,0.0,0.0,0.0,0.0,0.0,0.0,0.0,0.0,
,,,,,$ Revenue Live [Executar-no loyalty],,0.0,,,,,,,,,,,,
,,,,,$ Revenue [Executar-no loyalty],,0.0,0.0,0.0,0.0,0.0,0.0,0.0,0.0,0.0,0.0,0.0,0.0,
,,,,,# Life-time,,2.0,,,,,,,,,,,,
,,,,,,,2.0,1.0,0.0,1.0,0.0,1.0,0.0,1.0,0.0,1.0,0.0,1.0,
,,,,,,,0.0,2.0,1.0,0.0,1.0,0.0,1.0,0.0,1.0,0.0,1.0,0.0,
,,,,,,,0.0,0.0,2.0,1.0,0.0,1.0,0.0,1.0,0.0,1.0,0.0,1.0,
,,,,,,,0.0,0.0,0.0,2.0,1.0,0.0,1.0,0.0,1.0,0.0,1.0,0.0,
,,,,,,,0.0,0.0,0.0,0.0,2.0,1.0,0.0,1.0,0.0,1.0,0.0,1.0,
,,,,,,,0.0,0.0,0.0,0.0,0.0,2.0,1.0,0.0,1.0,0.0,1.0,0.0,
,,,,,,,0.0,0.0,0.0,0.0,0.0,0.0,2.0,1.0,0.0,1.0,0.0,1.0,
,,,,,,,0.0,0.0,0.0,0.0,0.0,0.0,0.0,2.0,1.0,0.0,1.0,0.0,
,,,,,,,0.0,0.0,0.0,0.0,0.0,0.0,0.0,0.0,2.0,1.0,0.0,1.0,
,,,,,,,0.0,0.0,0.0,0.0,0.0,0.0,0.0,0.0,0.0,2.0,1.0,0.0,
,,,,,,,0.0,0.0,0.0,0.0,0.0,0.0,0.0,0.0,0.0,0.0,2.0,1.0,
,,,,,,,0.0,0.0,0.0,0.0,0.0,0.0,0.0,0.0,0.0,0.0,0.0,2.0,
,,,,,,,,,,,,,,,,,,,
,,,,,$ Revenue Renewal [Executar-no loyalty],,0.8,0.8,0.8,0.8,0.8,0.8,0.8,0.8,0.8,0.8,0.8,0.8,
,,,,,% Revenue Renewal [Executar-no loyalty],,0.0,0.0,0.0,0.0,0.0,0.0,0.0,0.0,0.0,0.0,0.0,0.0,
,,,,,$ All Revenue [Executar-no loyalty],,0.0,0.0,0.0,0.0,0.0,0.0,0.0,0.0,0.0,0.0,0.0,0.0,
,,,,,,,0.0,0.0,0.0,0.0,0.0,0.0,0.0,0.0,0.0,0.0,0.0,0.0,
,,,,,,,0.0,0.0,0.0,0.0,0.0,0.0,0.0,0.0,0.0,0.0,0.0,0.0,
,,,,,,,0.0,0.0,0.0,0.0,0.0,0.0,0.0,0.0,0.0,0.0,0.0,0.0,
,,,,,,,0.0,0.0,0.0,0.0,0.0,0.0,0.0,0.0,0.0,0.0,0.0,0.0,
,,,,,,,0.0,0.0,0.0,0.0,0.0,0.0,0.0,0.0,0.0,0.0,0.0,0.0,
,,,,,,,0.0,0.0,0.0,0.0,0.0,0.0,0.0,0.0,0.0,0.0,0.0,0.0,
,,,,,,,0.0,0.0,0.0,0.0,0.0,0.0,0.0,0.0,0.0,0.0,0.0,0.0,
,,,,,,,0.0,0.0,0.0,0.0,0.0,0.0,0.0,0.0,0.0,0.0,0.0,0.0,
,,,,,,,0.0,0.0,0.0,0.0,0.0,0.0,0.0,0.0,0.0,0.0,0.0,0.0,
,,,,,,,0.0,0.0,0.0,0.0,0.0,0.0,0.0,0.0,0.0,0.0,0.0,0.0,
,,,,,,,0.0,0.0,0.0,0.0,0.0,0.0,0.0,0.0,0.0,0.0,0.0,0.0,
,,,,,,,0.0,0.0,0.0,0.0,0.0,0.0,0.0,0.0,0.0,0.0,0.0,0.0,
,,,,,,,,,,,,,,,,,,,
,,,,$ Enterprise Renewal [Executar-loyalty],,,,,,,,,,,,,,,
,,,,,$ [Executar-loyalty] Revenue Expansion,,0.0,0.0,0.0,0.0,0.0,0.0,0.0,0.0,0.0,0.0,0.0,0.0,
,,,,,$ Revenue Live [Executar-loyalty],,809100.0,,,,,,,,,,,,
,,,,,$ Revenue [Executar-loyalty],,809100.0,0.0,0.0,0.0,0.0,0.0,0.0,0.0,0.0,0.0,0.0,0.0,
,,,,,# Life-time,,10.0,,,,,,,,,,,,
,,,,,,,10.0,9.0,8.0,7.0,6.0,5.0,4.0,3.0,2.0,1.0,0.0,9.0,
,,,,,,,0.0,10.0,9.0,8.0,7.0,6.0,5.0,4.0,3.0,2.0,1.0,0.0,
,,,,,,,0.0,0.0,10.0,9.0,8.0,7.0,6.0,5.0,4.0,3.0,2.0,1.0,
,,,,,,,0.0,0.0,0.0,10.0,9.0,8.0,7.0,6.0,5.0,4.0,3.0,2.0,
,,,,,,,0.0,0.0,0.0,0.0,10.0,9.0,8.0,7.0,6.0,5.0,4.0,3.0,
,,,,,,,0.0,0.0,0.0,0.0,0.0,10.0,9.0,8.0,7.0,6.0,5.0,4.0,
,,,,,,,0.0,0.0,0.0,0.0,0.0,0.0,10.0,9.0,8.0,7.0,6.0,5.0,
,,,,,,,0.0,0.0,0.0,0.0,0.0,0.0,0.0,10.0,9.0,8.0,7.0,6.0,
,,,,,,,0.0,0.0,0.0,0.0,0.0,0.0,0.0,0.0,10.0,9.0,8.0,7.0,
,,,,,,,0.0,0.0,0.0,0.0,0.0,0.0,0.0,0.0,0.0,10.0,9.0,8.0,
,,,,,,,0.0,0.0,0.0,0.0,0.0,0.0,0.0,0.0,0.0,0.0,10.0,9.0,
,,,,,,,0.0,0.0,0.0,0.0,0.0,0.0,0.0,0.0,0.0,0.0,0.0,10.0,
,,,,,,,,,,,,,,,,,,,
,,,,,% Revenue Renewal [Executar-loyalty],,0.2,,,,,,,,,,,,
,,,,,$ Revenue Renewal [Executar-loyalty],,0.0,0.0,0.0,0.0,0.0,0.0,0.0,0.0,0.0,0.0,161820.0,0.0,
,,,,,$ All Revenue [Executar-loyalty],,809100.0,0.0,0.0,0.0,0.0,0.0,0.0,0.0,0.0,0.0,161820.0,0.0,
,,,,,,,809100.0,0.0,0.0,0.0,0.0,0.0,0.0,0.0,0.0,0.0,161820.0,0.0,
,,,,,,,0.0,0.0,0.0,0.0,0.0,0.0,0.0,0.0,0.0,0.0,0.0,0.0,
,,,,,,,0.0,0.0,0.0,0.0,0.0,0.0,0.0,0.0,0.0,0.0,0.0,0.0,
,,,,,,,0.0,0.0,0.0,0.0,0.0,0.0,0.0,0.0,0.0,0.0,0.0,0.0,
,,,,,,,0.0,0.0,0.0,0.0,0.0,0.0,0.0,0.0,0.0,0.0,0.0,0.0,
,,,,,,,0.0,0.0,0.0,0.0,0.0,0.0,0.0,0.0,0.0,0.0,0.0,0.0,
,,,,,,,0.0,0.0,0.0,0.0,0.0,0.0,0.0,0.0,0.0,0.0,0.0,0.0,
,,,,,,,0.0,0.0,0.0,0.0,0.0,0.0,0.0,0.0,0.0,0.0,0.0,0.0,
,,,,,,,0.0,0.0,0.0,0.0,0.0,0.0,0.0,0.0,0.0,0.0,0.0,0.0,
,,,,,,,0.0,0.0,0.0,0.0,0.0,0.0,0.0,0.0,0.0,0.0,0.0,0.0,
,,,,,,,0.0,0.0,0.0,0.0,0.0,0.0,0.0,0.0,0.0,0.0,0.0,0.0,
,,,,,,,0.0,0.0,0.0,0.0,0.0,0.0,0.0,0.0,0.0,0.0,0.0,0.0,
,,,,,,,,,,,,,,,,,,,
,,,,$ Enterprise Renewal [Potencializar],,,,,,,,,,,,,,,
,,,,,# Enterprise Go Lives [Potencializar],,3.0,3.0,3.0,3.0,3.0,3.0,3.0,3.0,3.0,3.0,3.0,3.0,
,,,,,$ Avg. Monthly Ticket [Potencializar],,4500.0,4950.0,5445.0,5989.5,6588.45,7247.295,7972.0245,8769.22695,9646.149645,10610.76461,11671.84107,12839.02518,
,,,,,% Avg. Ticket Increase [Potencializar],,1.1,1.1,1.1,1.1,1.1,1.1,1.1,1.1,1.1,1.1,1.1,1.1,
,,,,,$ Revenue Renewal [Potencializar],,0.0,13500.0,14850.0,16335.0,17968.5,19765.35,21741.885,23916.0735,26307.68085,28938.44894,31832.29383,35015.52321,
,,,,,,,,,,,,,,,,,,,
,,,Large,,,,,,,,,,,,,,,,
,,,,$ Large Renewal [Executar-no loyalty],,,,,,,,,,,,,,,
,,,,,$ [Executar-no loyalty] Revenue Expansion,,0.0,0.0,16000.0,0.0,0.0,48000.0,0.0,0.0,40000.0,0.0,0.0,40000.0,
,,,,,$ Revenue Live [Executar-no loyalty],,0.0,,,,,,,,,,,,
,,,,,$ Revenue [Executar-no loyalty],,0.0,0.0,16000.0,0.0,0.0,48000.0,0.0,0.0,40000.0,0.0,0.0,40000.0,
,,,,,# Life-time,,2.0,,,,,,,,,,,,
,,,,,,,2.0,1.0,0.0,1.0,0.0,1.0,0.0,1.0,0.0,1.0,0.0,1.0,
,,,,,,,0.0,2.0,1.0,0.0,1.0,0.0,1.0,0.0,1.0,0.0,1.0,0.0,
,,,,,,,0.0,0.0,2.0,1.0,0.0,1.0,0.0,1.0,0.0,1.0,0.0,1.0,
,,,,,,,0.0,0.0,0.0,2.0,1.0,0.0,1.0,0.0,1.0,0.0,1.0,0.0,
,,,,,,,0.0,0.0,0.0,0.0,2.0,1.0,0.0,1.0,0.0,1.0,0.0,1.0,
,,,,,,,0.0,0.0,0.0,0.0,0.0,2.0,1.0,0.0,1.0,0.0,1.0,0.0,
,,,,,,,0.0,0.0,0.0,0.0,0.0,0.0,2.0,1.0,0.0,1.0,0.0,1.0,
,,,,,,,0.0,0.0,0.0,0.0,0.0,0.0,0.0,2.0,1.0,0.0,1.0,0.0,
,,,,,,,0.0,0.0,0.0,0.0,0.0,0.0,0.0,0.0,2.0,1.0,0.0,1.0,
,,,,,,,0.0,0.0,0.0,0.0,0.0,0.0,0.0,0.0,0.0,2.0,1.0,0.0,
,,,,,,,0.0,0.0,0.0,0.0,0.0,0.0,0.0,0.0,0.0,0.0,2.0,1.0,
,,,,,,,0.0,0.0,0.0,0.0,0.0,0.0,0.0,0.0,0.0,0.0,0.0,2.0,
,,,,,,,,,,,,,,,,,,,
,,,,,$ Revenue Renewal [Executar-no loyalty],,0.8,0.8,0.8,0.8,0.8,0.8,0.8,0.8,0.8,0.8,0.8,0.8,
,,,,,% Revenue Renewal [Executar-no loyalty],,0.0,0.0,0.0,0.0,12800.0,0.0,10240.0,38400.0,8192.0,30720.0,38553.6,0.0,
,,,,,$ All Revenue [Executar-no loyalty],,0.0,0.0,16000.0,0.0,12800.0,48000.0,10240.0,38400.0,48192.0,30720.0,38553.6,64576.0,
,,,,,,,0.0,0.0,0.0,0.0,0.0,0.0,0.0,0.0,0.0,0.0,0.0,0.0,
,,,,,,,0.0,0.0,0.0,0.0,0.0,0.0,0.0,0.0,0.0,0.0,0.0,0.0,
,,,,,,,0.0,0.0,16000.0,0.0,12800.0,0.0,10240.0,0.0,8192.0,0.0,6553.6,0.0,
,,,,,,,0.0,0.0,0.0,0.0,0.0,0.0,0.0,0.0,0.0,0.0,0.0,0.0,
,,,,,,,0.0,0.0,0.0,0.0,0.0,0.0,0.0,0.0,0.0,0.0,0.0,0.0,
,,,,,,,0.0,0.0,0.0,0.0,0.0,48000.0,0.0,38400.0,0.0,30720.0,0.0,24576.0,
,,,,,,,0.0,0.0,0.0,0.0,0.0,0.0,0.0,0.0,0.0,0.0,0.0,0.0,
,,,,,,,0.0,0.0,0.0,0.0,0.0,0.0,0.0,0.0,0.0,0.0,0.0,0.0,
,,,,,,,0.0,0.0,0.0,0.0,0.0,0.0,0.0,0.0,40000.0,0.0,32000.0,0.0,
,,,,,,,0.0,0.0,0.0,0.0,0.0,0.0,0.0,0.0,0.0,0.0,0.0,0.0,
,,,,,,,0.0,0.0,0.0,0.0,0.0,0.0,0.0,0.0,0.0,0.0,0.0,0.0,
,,,,,,,0.0,0.0,0.0,0.0,0.0,0.0,0.0,0.0,0.0,0.0,0.0,40000.0,
,,,,,,,,,,,,,,,,,,,
,,,,$ Large Renewal [Executar-loyalty],,,,,,,,,,,,,,,
,,,,,$ [Executar-loyalty] Revenue Expansion,,0.0,0.0,72000.0,0.0,0.0,288000.0,0.0,0.0,288000.0,0.0,0.0,288000.0,
,,,,,$ Revenue Live [Executar-loyalty],,828630.0,,,,,,,,,,,,
,,,,,$ Revenue [Executar loyalty],,828630.0,0.0,72000.0,0.0,0.0,288000.0,0.0,0.0,288000.0,0.0,0.0,288000.0,
,,,,,# Life-time,,9.0,,,,,,,,,,,,
,,,,,,,9.0,8.0,7.0,6.0,5.0,4.0,3.0,2.0,1.0,0.0,8.0,7.0,
,,,,,,,0.0,9.0,8.0,7.0,6.0,5.0,4.0,3.0,2.0,1.0,0.0,8.0,
,,,,,,,0.0,0.0,9.0,8.0,7.0,6.0,5.0,4.0,3.0,2.0,1.0,0.0,
,,,,,,,0.0,0.0,0.0,9.0,8.0,7.0,6.0,5.0,4.0,3.0,2.0,1.0,
,,,,,,,0.0,0.0,0.0,0.0,9.0,8.0,7.0,6.0,5.0,4.0,3.0,2.0,
,,,,,,,0.0,0.0,0.0,0.0,0.0,9.0,8.0,7.0,6.0,5.0,4.0,3.0,
,,,,,,,0.0,0.0,0.0,0.0,0.0,0.0,9.0,8.0,7.0,6.0,5.0,4.0,
,,,,,,,0.0,0.0,0.0,0.0,0.0,0.0,0.0,9.0,8.0,7.0,6.0,5.0,
,,,,,,,0.0,0.0,0.0,0.0,0.0,0.0,0.0,0.0,9.0,8.0,7.0,6.0,
,,,,,,,0.0,0.0,0.0,0.0,0.0,0.0,0.0,0.0,0.0,9.0,8.0,7.0,
,,,,,,,0.0,0.0,0.0,0.0,0.0,0.0,0.0,0.0,0.0,0.0,9.0,8.0,
,,,,,,,0.0,0.0,0.0,0.0,0.0,0.0,0.0,0.0,0.0,0.0,0.0,9.0,
,,,,,$ Revenue Renewal [Executar-loyalty],,0.2,,,,,,,,,,,,
,,,,,% Revenue Renewal [Executar-loyalty],,0.0,0.0,0.0,0.0,0.0,0.0,0.0,0.0,0.0,165726.0,0.0,14400.0,
,,,,,$ All Revenue [Executar-loyalty],,828630.0,0.0,72000.0,0.0,0.0,288000.0,0.0,0.0,288000.0,165726.0,0.0,302400.0,
,,,,,,,828630.0,0.0,0.0,0.0,0.0,0.0,0.0,0.0,0.0,165726.0,0.0,0.0,
,,,,,,,0.0,0.0,0.0,0.0,0.0,0.0,0.0,0.0,0.0,0.0,0.0,0.0,
,,,,,,,0.0,0.0,72000.0,0.0,0.0,0.0,0.0,0.0,0.0,0.0,0.0,14400.0,
,,,,,,,0.0,0.0,0.0,0.0,0.0,0.0,0.0,0.0,0.0,0.0,0.0,0.0,
,,,,,,,0.0,0.0,0.0,0.0,0.0,0.0,0.0,0.0,0.0,0.0,0.0,0.0,
,,,,,,,0.0,0.0,0.0,0.0,0.0,288000.0,0.0,0.0,0.0,0.0,0.0,0.0,
,,,,,,,0.0,0.0,0.0,0.0,0.0,0.0,0.0,0.0,0.0,0.0,0.0,0.0,
,,,,,,,0.0,0.0,0.0,0.0,0.0,0.0,0.0,0.0,0.0,0.0,0.0,0.0,
,,,,,,,0.0,0.0,0.0,0.0,0.0,0.0,0.0,0.0,288000.0,0.0,0.0,0.0,
,,,,,,,0.0,0.0,0.0,0.0,0.0,0.0,0.0,0.0,0.0,0.0,0.0,0.0,
,,,,,,,0.0,0.0,0.0,0.0,0.0,0.0,0.0,0.0,0.0,0.0,0.0,0.0,
,,,,,,,0.0,0.0,0.0,0.0,0.0,0.0,0.0,0.0,0.0,0.0,0.0,288000.0,
,,,,,,,,,,,,,,,,,,,
,,,,$ Large Renewal [Potencializar],,,0.0,18000.0,19800.0,21780.0,23958.0,26353.8,28989.18,31888.098,35076.9078,38584.59858,42443.05844,46687.36428,
,,,,,# Large Go Lives [Potencializar],,4.0,4.0,4.0,4.0,4.0,4.0,4.0,4.0,4.0,4.0,4.0,4.0,
,,,,,$ Avg. Monthly Ticket [Potencializar],,4500.0,4950.0,5445.0,5989.5,6588.45,7247.295,7972.0245,8769.22695,9646.149645,10610.76461,11671.84107,12839.02518,
,,,,,% Avg. Ticket Increase [Potencializar],,1.1,1.1,1.1,1.1,1.1,1.1,1.1,1.1,1.1,1.1,1.1,1.1,
,,,,,$ Revenue Renewal [Potencializar],,0.0,18000.0,19800.0,21780.0,23958.0,26353.8,28989.18,31888.098,35076.9078,38584.59858,42443.05844,46687.36428,
,,,,,,,,,,,,,,,,,,,
,,,Medium,,,,,,,,,,,,,,,,
,,,,$ Medium Renewal [Executar-no loyalty],,,,,,,,,,,,,,,
,,,,,$ [Executar-no loyalty] Revenue Expansion,,0.0,120000.0,72000.0,66000.0,42000.0,48000.0,36000.0,24000.0,24000.0,0.0,0.0,0.0,
,,,,,$ Revenue Live [Executar-no loyalty],,0.0,,,,,,,,,,,,
,,,,,$ Revenue [Executar-no loyalty],,0.0,120000.0,72000.0,66000.0,42000.0,48000.0,36000.0,24000.0,24000.0,0.0,0.0,0.0,
,,,,,# Life-time,,2.0,,,,,,,,,,,,
,,,,,,,2.0,1.0,0.0,1.0,0.0,1.0,0.0,1.0,0.0,1.0,0.0,1.0,
,,,,,,,0.0,2.0,1.0,0.0,1.0,0.0,1.0,0.0,1.0,0.0,1.0,0.0,
,,,,,,,0.0,0.0,2.0,1.0,0.0,1.0,0.0,1.0,0.0,1.0,0.0,1.0,
,,,,,,,0.0,0.0,0.0,2.0,1.0,0.0,1.0,0.0,1.0,0.0,1.0,0.0,
,,,,,,,0.0,0.0,0.0,0.0,2.0,1.0,0.0,1.0,0.0,1.0,0.0,1.0,
,,,,,,,0.0,0.0,0.0,0.0,0.0,2.0,1.0,0.0,1.0,0.0,1.0,0.0,
,,,,,,,0.0,0.0,0.0,0.0,0.0,0.0,2.0,1.0,0.0,1.0,0.0,1.0,
,,,,,,,0.0,0.0,0.0,0.0,0.0,0.0,0.0,2.0,1.0,0.0,1.0,0.0,
,,,,,,,0.0,0.0,0.0,0.0,0.0,0.0,0.0,0.0,2.0,1.0,0.0,1.0,
,,,,,,,0.0,0.0,0.0,0.0,0.0,0.0,0.0,0.0,0.0,2.0,1.0,0.0,
,,,,,,,0.0,0.0,0.0,0.0,0.0,0.0,0.0,0.0,0.0,0.0,2.0,1.0,
,,,,,,,0.0,0.0,0.0,0.0,0.0,0.0,0.0,0.0,0.0,0.0,0.0,2.0,
,,,,,,,,,,,,,,,,,,,
,,,,,% Revenue Renewal [Executar-no loyalty],,0.8,,,,,,,,,,,,
,,,,,$ Revenue Renewal [Executar-no loyalty],,0.0,0.0,0.0,96000.0,57600.0,129600.0,79680.0,142080.0,92544.0,132864.0,93235.2,106291.2,
,,,,,$ All Revenue [Executar-no loyalty],,0.0,120000.0,72000.0,162000.0,99600.0,177600.0,115680.0,166080.0,116544.0,132864.0,93235.2,106291.2,
,,,,,,,0.0,0.0,0.0,0.0,0.0,0.0,0.0,0.0,0.0,0.0,0.0,0.0,
,,,,,,,0.0,120000.0,0.0,96000.0,0.0,76800.0,0.0,61440.0,0.0,49152.0,0.0,39321.6,
,,,,,,,0.0,0.0,72000.0,0.0,57600.0,0.0,46080.0,0.0,36864.0,0.0,29491.2,0.0,
,,,,,,,0.0,0.0,0.0,66000.0,0.0,52800.0,0.0,42240.0,0.0,33792.0,0.0,27033.6,
,,,,,,,0.0,0.0,0.0,0.0,42000.0,0.0,33600.0,0.0,26880.0,0.0,21504.0,0.0,
,,,,,,,0.0,0.0,0.0,0.0,0.0,48000.0,0.0,38400.0,0.0,30720.0,0.0,24576.0,
,,,,,,,0.0,0.0,0.0,0.0,0.0,0.0,36000.0,0.0,28800.0,0.0,23040.0,0.0,
,,,,,,,0.0,0.0,0.0,0.0,0.0,0.0,0.0,24000.0,0.0,19200.0,0.0,15360.0,
,,,,,,,0.0,0.0,0.0,0.0,0.0,0.0,0.0,0.0,24000.0,0.0,19200.0,0.0,
,,,,,,,0.0,0.0,0.0,0.0,0.0,0.0,0.0,0.0,0.0,0.0,0.0,0.0,
,,,,,,,0.0,0.0,0.0,0.0,0.0,0.0,0.0,0.0,0.0,0.0,0.0,0.0,
,,,,,,,0.0,0.0,0.0,0.0,0.0,0.0,0.0,0.0,0.0,0.0,0.0,0.0,
,,,,,,,,,,,,,,,,,,,
,,,,$ Medium Renewal [Executar-loyalty],,,0.0,,,,,,,,,,,,
,,,,,$ [Executar-loyalty] Revenue Expansion,,0.0,840000.0,420000.0,378000.0,252000.0,252000.0,168000.0,126000.0,84000.0,0.0,0.0,0.0,
,,,,,$ Revenue Live [Executar-loyalty],,2916480.0,,,,,,,,,,,,
,,,,,$ Revenue [Executar-loyalty],,2916480.0,840000.0,420000.0,378000.0,252000.0,252000.0,168000.0,126000.0,84000.0,0.0,0.0,0.0,
,,,,,# Life-time,,7.0,,,,,,,,,,,,
,,,,,,,7.0,6.0,5.0,4.0,3.0,2.0,1.0,0.0,6.0,5.0,4.0,3.0,
,,,,,,,0.0,7.0,6.0,5.0,4.0,3.0,2.0,1.0,0.0,6.0,5.0,4.0,
,,,,,,,0.0,0.0,7.0,6.0,5.0,4.0,3.0,2.0,1.0,0.0,6.0,5.0,
,,,,,,,0.0,0.0,0.0,7.0,6.0,5.0,4.0,3.0,2.0,1.0,0.0,6.0,
,,,,,,,0.0,0.0,0.0,0.0,7.0,6.0,5.0,4.0,3.0,2.0,1.0,0.0,
,,,,,,,0.0,0.0,0.0,0.0,0.0,7.0,6.0,5.0,4.0,3.0,2.0,1.0,
,,,,,,,0.0,0.0,0.0,0.0,0.0,0.0,7.0,6.0,5.0,4.0,3.0,2.0,
,,,,,,,0.0,0.0,0.0,0.0,0.0,0.0,0.0,7.0,6.0,5.0,4.0,3.0,
,,,,,,,0.0,0.0,0.0,0.0,0.0,0.0,0.0,0.0,7.0,6.0,5.0,4.0,
,,,,,,,0.0,0.0,0.0,0.0,0.0,0.0,0.0,0.0,0.0,7.0,6.0,5.0,
,,,,,,,0.0,0.0,0.0,0.0,0.0,0.0,0.0,0.0,0.0,0.0,7.0,6.0,
,,,,,,,0.0,0.0,0.0,0.0,0.0,0.0,0.0,0.0,0.0,0.0,0.0,7.0,
,,,,,,,,,,,,,,,,,,,
,,,,,% Revenue Renewal [Executar-loyalty],,0.2,,,,,,,,,,,,
,,,,,$ Revenue Renewal [Executar-loyalty],,0.0,0.0,0.0,0.0,0.0,0.0,0.0,583296.0,168000.0,84000.0,75600.0,50400.0,
,,,,,$ All Revenue [Executar-loyalty],,2916480.0,840000.0,420000.0,378000.0,252000.0,252000.0,168000.0,709296.0,252000.0,84000.0,75600.0,50400.0,
,,,,,,,2916480.0,0.0,0.0,0.0,0.0,0.0,0.0,583296.0,0.0,0.0,0.0,0.0,
,,,,,,,0.0,840000.0,0.0,0.0,0.0,0.0,0.0,0.0,168000.0,0.0,0.0,0.0,
,,,,,,,0.0,0.0,420000.0,0.0,0.0,0.0,0.0,0.0,0.0,84000.0,0.0,0.0,
,,,,,,,0.0,0.0,0.0,378000.0,0.0,0.0,0.0,0.0,0.0,0.0,75600.0,0.0,
,,,,,,,0.0,0.0,0.0,0.0,252000.0,0.0,0.0,0.0,0.0,0.0,0.0,50400.0,
,,,,,,,0.0,0.0,0.0,0.0,0.0,252000.0,0.0,0.0,0.0,0.0,0.0,0.0,
,,,,,,,0.0,0.0,0.0,0.0,0.0,0.0,168000.0,0.0,0.0,0.0,0.0,0.0,
,,,,,,,0.0,0.0,0.0,0.0,0.0,0.0,0.0,126000.0,0.0,0.0,0.0,0.0,
,,,,,,,0.0,0.0,0.0,0.0,0.0,0.0,0.0,0.0,84000.0,0.0,0.0,0.0,
,,,,,,,0.0,0.0,0.0,0.0,0.0,0.0,0.0,0.0,0.0,0.0,0.0,0.0,
,,,,,,,0.0,0.0,0.0,0.0,0.0,0.0,0.0,0.0,0.0,0.0,0.0,0.0,
,,,,,,,0.0,0.0,0.0,0.0,0.0,0.0,0.0,0.0,0.0,0.0,0.0,0.0,
,,,,,,,0.0,0.0,0.0,0.0,0.0,0.0,0.0,0.0,0.0,0.0,0.0,0.0,
,,,,,,,,,,,,,,,,,,,
,,,,$ Medium Renewal [Potencializar],,,0.0,0.0,0.0,0.0,0.0,0.0,0.0,0.0,0.0,0.0,0.0,0.0,
,,,,,# Medium Go Lives [Potencializar],,0.0,0.0,0.0,0.0,0.0,0.0,0.0,0.0,0.0,0.0,0.0,0.0,
,,,,,$ Avg. Monthly Ticket [Potencializar],,0.0,0.0,0.0,0.0,0.0,0.0,0.0,0.0,0.0,0.0,0.0,0.0,
,,,,,% Avg. Ticket Increase [Potencializar],,0.0,0.0,0.0,0.0,0.0,0.0,0.0,0.0,0.0,0.0,0.0,0.0,
,,,,,$ Revenue Renewal [Potencializar],,0.0,0.0,0.0,0.0,0.0,0.0,0.0,0.0,0.0,0.0,0.0,0.0,
,,,,,,,,,,,,,,,,,,,
,,,,,,,,,,,,,,,,,,,
,Expansion,,,,,,,,,,,,,,,,,,
,,,,,,,,,,,,,,,,,,,
,,VM8,$ Expansion Revenue Won,,,,0.0,3682000.0,2386000.0,1704000.0,1154000.0,2416000.0,790000.0,578000.0,1771000.0,0.0,0.0,1323000.0,15804000.0
,,,,,,,,,,,,,,,,,,,
,,CR8,% Revenue Cross-sell [Saber],,,,0.0,0.4291146116,0.4719195306,0.4295774648,0.4298093588,0.5074503311,0.4303797468,0.4290657439,0.5482778091,0.0,0.0,0.5857898715,0.4741837509
,,VM8,$ Revenue Cross-sell [Saber],,,,0.0,1580000.0,1126000.0,732000.0,496000.0,1226000.0,340000.0,248000.0,971000.0,0.0,0.0,775000.0,7494000.0
,,,,,,,,,,,,,,,,,,,
,,CR8,% Revenue Cross-sell [Ter],,,,0.0,0.3101575231,0.2849958089,0.3098591549,0.3154246101,0.2293046358,0.3113924051,0.3114186851,0.2055335968,0.0,0.0,0.1662887377,0.2706909643
,,VM8,$ Revenue Cross-sell [Ter],,,,0.0,1142000.0,680000.0,528000.0,364000.0,554000.0,246000.0,180000.0,364000.0,0.0,0.0,220000.0,4278000.0
,,,,,,,,,,,,,,,,,,,
,,CR8,% Revenue Upsell [Executar-no loyalty],,,,0.0,0.03259098316,0.03688181056,0.03873239437,0.03639514731,0.03973509934,0.04556962025,0.04152249135,0.03613777527,0.0,0.0,0.03023431595,0.03644646925
,,VM8,$ Revenue Upsell [Executar-no loyalty],,,,0.0,120000.0,88000.0,66000.0,42000.0,96000.0,36000.0,24000.0,64000.0,0.0,0.0,40000.0,576000.0
,,,,,,,,,,,,,,,,,,,
,,CR8,% Revenue Upsell [Executar-loyalty],,,,0.0,0.2281368821,0.20620285,0.2218309859,0.2183708839,0.2235099338,0.2126582278,0.2179930796,0.2100508187,0.0,0.0,0.2176870748,0.2186788155
,,VM8,$ Revenue Upsell [Executar-loyalty],,,,0.0,840000.0,492000.0,378000.0,252000.0,540000.0,168000.0,126000.0,372000.0,0.0,0.0,288000.0,3456000.0
,,,,,,,,,,,,,,,,,,,
,,CR8,% Revenue Upsell [Potencializar],,,,0.0,0.0,0.0,0.0,0.0,0.0,0.0,0.0,0.0,0.0,0.0,0.0,0.0
,,VM8,$ Revenue Upsell [Potencializar],,,,0.0,0.0,0.0,0.0,0.0,0.0,0.0,0.0,0.0,0.0,0.0,0.0,0.0
,,,,,,,,,,,,,,,,,,,
,,,Enterprise,,,,,,,,,,,,,,,,
,,,,# Enterprise Go Lives,,,28.0,,,,,,,,,,,,
,,,,$ Enterprise Revenue Live,,0.01039474286,1455264.0,,,,,,,,,,,,
,,,,$ Annual WTP,,,5000000.0,,,,,,,,,,,,
,,,,$ Total Share of Wallet,,,140000000.0,,,,,,,,,,,,
,,,,,,,,,,,,,,,,,,,
,,,,% Share of Wallet Desired,,0.02078948571,0.0,0.0,0.1,0.0,0.0,0.3,0.0,0.0,0.3,0.0,0.0,0.3,
,,,,$ Share of Wallet Desired,,2910528.0,,,,,,,,,,,,,
,,,,$ Share of Wallet Actived,,,1455264.0,1455264.0,1615264.0,1615264.0,1615264.0,2015264.0,2015264.0,2015264.0,2415264.0,2415264.0,2415264.0,2815264.0,2415264.0
,,,,$ Expansion Goal,,1455264.0,0.0,0.0,145526.4,0.0,0.0,436579.2,0.0,0.0,436579.2,0.0,0.0,436579.2,1455264.0
,,,,,,,,,,,,,,,,,,,
,,,,$ Share of Wallet Remaining,,,138544736.0,138544736.0,138384736.0,138384736.0,138384736.0,137984736.0,137984736.0,137984736.0,137584736.0,137584736.0,137584736.0,137184736.0,
,,,,% Index Saturation Base,,,0.01448023881,0.01448023881,0.01607227861,0.01607227861,0.01607227861,0.02005237811,0.02005237811,0.02005237811,0.02403247761,0.02403247761,0.02403247761,0.02801257711,0.02403247761
,,,,% Index Monetization Potential,,,0.9896052571,0.9896052571,0.9884624,0.9884624,0.9884624,0.9856052571,0.9856052571,0.9856052571,0.9827481143,0.9827481143,0.9827481143,0.9798909714,0.9827481143
,,,,,,,,,,,,,,,,,,,
,,,,# Expansions,,,0.0,0.0,4.0,0.0,0.0,10.0,0.0,0.0,10.0,0.0,0.0,10.0,34.0
,,,,$ Enterprise Average Ticket,,,44500.0,44500.0,44500.0,44500.0,44500.0,44500.0,44500.0,44500.0,44500.0,44500.0,44500.0,44500.0,
,,,,$ Revenue Expansion,,,0.0,0.0,160000.0,0.0,0.0,400000.0,0.0,0.0,400000.0,0.0,0.0,400000.0,1360000.0
,,,,,% [Saber],,0.5,0.5,0.5,0.5,0.5,0.5,0.5,0.5,0.5,0.5,0.5,0.5,
,,,,,% [Ter],,0.4,0.4,0.4,0.4,0.4,0.4,0.4,0.4,0.4,0.4,0.4,0.4,
,,,,,% [Executar-no loyalty],,0.05,0.05,0.05,0.05,0.05,0.05,0.05,0.05,0.05,0.05,0.05,0.05,
,,,,,% [Executar-loyalty],,0.05,0.05,0.05,0.05,0.05,0.05,0.05,0.05,0.05,0.05,0.05,0.05,
,,,,,% [Potencializar],,0.0,0.0,0.0,0.0,0.0,0.0,0.0,0.0,0.0,0.0,0.0,0.0,
,,,,,$ [Saber] Average Ticket ,,70000.0,70000.0,70000.0,70000.0,70000.0,70000.0,70000.0,70000.0,70000.0,70000.0,70000.0,70000.0,
,,,,,$ [Ter]  Average Ticket ,,10000.0,10000.0,10000.0,10000.0,10000.0,10000.0,10000.0,10000.0,10000.0,10000.0,10000.0,10000.0,
,,,,,$ [Executar-no loyalty] Average Ticket ,,10000.0,10000.0,10000.0,10000.0,10000.0,10000.0,10000.0,10000.0,10000.0,10000.0,10000.0,10000.0,
,,,,,$ [Executar-loyalty] Average Ticket ,,100000.0,100000.0,100000.0,100000.0,100000.0,100000.0,100000.0,100000.0,100000.0,100000.0,100000.0,100000.0,
,,,,,$ [Potencializar] Average Ticket ,,0.0,0.0,0.0,0.0,0.0,0.0,0.0,0.0,0.0,0.0,0.0,0.0,
,,,,,# Lowest Ticket Index,,2.0,2.0,2.0,2.0,2.0,2.0,2.0,2.0,2.0,2.0,2.0,2.0,
,,,,,,,,,,,,,,,,,,,
,,,,,# [Saber],,0.0,0.0,2.0,0.0,0.0,5.0,0.0,0.0,5.0,0.0,0.0,5.0,
,,,,,$ [Saber] Revenue Expansion,,0.0,0.0,140000.0,0.0,0.0,350000.0,0.0,0.0,350000.0,0.0,0.0,350000.0,
,,,,,,,,,,,,,,,,,,,
,,,,,# [Ter],,0.0,0.0,2.0,0.0,0.0,5.0,0.0,0.0,5.0,0.0,0.0,5.0,
,,,,,$ [Ter] Revenue Expansion,,0.0,0.0,20000.0,0.0,0.0,50000.0,0.0,0.0,50000.0,0.0,0.0,50000.0,
,,,,,,,,,,,,,,,,,,,
,,,,,# [Executar-no loyalty],,0.0,0.0,0.0,0.0,0.0,0.0,0.0,0.0,0.0,0.0,0.0,0.0,
,,,,,$ [Executar-no loyalty] Revenue Expansion,,0.0,0.0,0.0,0.0,0.0,0.0,0.0,0.0,0.0,0.0,0.0,0.0,
,,,,,,,,,,,,,,,,,,,
,,,,,# [Executar-loyalty],,0.0,0.0,0.0,0.0,0.0,0.0,0.0,0.0,0.0,0.0,0.0,0.0,
,,,,,$ [Executar-loyalty] Revenue Expansion,,0.0,0.0,0.0,0.0,0.0,0.0,0.0,0.0,0.0,0.0,0.0,0.0,
,,,,,,,,,,,,,,,,,,,
,,,,,# [Potencializar],,0.0,0.0,0.0,0.0,0.0,0.0,0.0,0.0,0.0,0.0,0.0,0.0,
,,,,,$ [Potencializar] Revenue Expansion,,0.0,0.0,0.0,0.0,0.0,0.0,0.0,0.0,0.0,0.0,0.0,0.0,
,,,,,,,,,,,,,,,,,,,
,,,Large,,,,,,,,,,,,,,,,
,,,,# Large Go Lives,,,38.0,,,,,,,,,,,,
,,,,$ Large Revenue Live,,0.01350947368,1540080.0,,,,,,,,,,,,
,,,,$ Annual WTP,,,3000000.0,,,,,,,,,,,,
,,,,$ Total Share of Wallet,,,114000000.0,,,,,,,,,,,,
,,,,,,,,,,,,,,,,,,,
,,,,% Share of Wallet Desired,,0.04052842105,0.0,0.0,0.1,0.0,0.0,0.3,0.0,0.0,0.3,0.0,0.0,0.3,
,,,,$ Share of Wallet Desired,,4620240.0,,,,,,,,,,,,,
,,,,$ Share of Wallet Actived,,,1540080.0,1540080.0,1838080.0,1838080.0,1838080.0,2734080.0,2734080.0,2734080.0,3657080.0,3657080.0,3657080.0,4580080.0,3657080.0
,,,,$ Expansion Goal,,3080160.0,0.0,0.0,308016.0,0.0,0.0,924048.0,0.0,0.0,924048.0,0.0,0.0,924048.0,3080160.0
,,,,,,,,,,,,,,,,,,,
,,,,$ Share of Wallet Remaining,,,112459920.0,112459920.0,112161920.0,112161920.0,112161920.0,111265920.0,111265920.0,111265920.0,110342920.0,110342920.0,110342920.0,109419920.0,
,,,,% Index Saturation Base,,,0.01350947368,0.01350947368,0.01612350877,0.01612350877,0.01612350877,0.02398315789,0.02398315789,0.02398315789,0.03207964912,0.03207964912,0.03207964912,0.04017614035,0.03207964912
,,,,% Index Monetization Potential,,,0.9864905263,0.9864905263,0.9838764912,0.9838764912,0.9838764912,0.9760168421,0.9760168421,0.9760168421,0.9679203509,0.9679203509,0.9679203509,0.9598238596,0.9679203509
,,,,,,,,,,,,,,,,,,,
,,,,# Expansions,,,0.0,0.0,15.0,0.0,0.0,42.0,0.0,0.0,43.0,0.0,0.0,43.0,143.0
,,,,$ Large Average Ticket,,,22000.0,22000.0,22000.0,22000.0,22000.0,22000.0,22000.0,22000.0,22000.0,22000.0,22000.0,22000.0,
,,,,$ Revenue Expansion,,,0.0,0.0,298000.0,0.0,0.0,896000.0,0.0,0.0,923000.0,0.0,0.0,923000.0,3040000.0
,,,,,% [Saber],,0.4,0.4,0.4,0.4,0.4,0.4,0.4,0.4,0.4,0.4,0.4,0.4,
,,,,,% [Ter],,0.4,0.4,0.4,0.4,0.4,0.4,0.4,0.4,0.4,0.4,0.4,0.4,
,,,,,% [Executar-no loyalty],,0.1,0.1,0.1,0.1,0.1,0.1,0.1,0.1,0.1,0.1,0.1,0.1,
,,,,,% [Executar-loyalty],,0.1,0.1,0.1,0.1,0.1,0.1,0.1,0.1,0.1,0.1,0.1,0.1,
,,,,,% [Potencializar],,0.0,0.0,0.0,0.0,0.0,0.0,0.0,0.0,0.0,0.0,0.0,0.0,
,,,,,$ [Saber] Average Ticket ,,25000.0,25000.0,25000.0,25000.0,25000.0,25000.0,25000.0,25000.0,25000.0,25000.0,25000.0,25000.0,
,,,,,$ [Ter]  Average Ticket ,,10000.0,10000.0,10000.0,10000.0,10000.0,10000.0,10000.0,10000.0,10000.0,10000.0,10000.0,10000.0,
,,,,,$ [Executar-no loyalty] Average Ticket ,,8000.0,8000.0,8000.0,8000.0,8000.0,8000.0,8000.0,8000.0,8000.0,8000.0,8000.0,8000.0,
,,,,,$ [Executar-loyalty] Average Ticket ,,72000.0,72000.0,72000.0,72000.0,72000.0,72000.0,72000.0,72000.0,72000.0,72000.0,72000.0,72000.0,
,,,,,$ [Potencializar] Average Ticket ,,0.0,0.0,0.0,0.0,0.0,0.0,0.0,0.0,0.0,0.0,0.0,0.0,
,,,,,# Lowest Ticket Index,,3.0,3.0,3.0,3.0,3.0,3.0,3.0,3.0,3.0,3.0,3.0,3.0,
,,,,,,,,,,,,,,,,,,,
,,,,,# [Saber],,0.0,0.0,6.0,0.0,0.0,16.0,0.0,0.0,17.0,0.0,0.0,17.0,
,,,,,$ [Saber] Revenue Expansion,,0.0,0.0,150000.0,0.0,0.0,400000.0,0.0,0.0,425000.0,0.0,0.0,425000.0,
,,,,,,,,,,,,,,,,,,,
,,,,,# [Ter],,0.0,0.0,6.0,0.0,0.0,16.0,0.0,0.0,17.0,0.0,0.0,17.0,
,,,,,$ [Ter] Revenue Expansion,,0.0,0.0,60000.0,0.0,0.0,160000.0,0.0,0.0,170000.0,0.0,0.0,170000.0,
,,,,,,,,,,,,,,,,,,,
,,,,,# [Executar-no loyalty],,0.0,0.0,2.0,0.0,0.0,6.0,0.0,0.0,5.0,0.0,0.0,5.0,
,,,,,$ [Executar-no loyalty] Revenue Expansion,,0.0,0.0,16000.0,0.0,0.0,48000.0,0.0,0.0,40000.0,0.0,0.0,40000.0,
,,,,,,,,,,,,,,,,,,,
,,,,,# [Executar-loyalty],,0.0,0.0,1.0,0.0,0.0,4.0,0.0,0.0,4.0,0.0,0.0,4.0,
,,,,,$ [Executar-loyalty] Revenue Expansion,,0.0,0.0,72000.0,0.0,0.0,288000.0,0.0,0.0,288000.0,0.0,0.0,288000.0,
,,,,,,,,,,,,,,,,,,,
,,,,,# [Potencializar],,0.0,0.0,0.0,0.0,0.0,0.0,0.0,0.0,0.0,0.0,0.0,0.0,
,,,,,$ [Potencializar] Revenue Expansion,,0.0,0.0,0.0,0.0,0.0,0.0,0.0,0.0,0.0,0.0,0.0,0.0,
,,,,,,,,,,,,,,,,,,,
,,,Medium,,,,,,,,,,,,,,,,
,,,,# Medium Go Lives,,,201.0,,,,,,,,,,,,
,,,,$ Medium Revenue Live,,0.05608686567,5636730.0,,,,,,,,,,,,
,,,,$ Annual WTP,,,500000.0,,,,,,,,,,,,
,,,,$ Total Share of Wallet,,,100500000.0,,,,,,,,,,,,
,,,,,,,,,,,,,,,,,,,
,,,,% Share of Wallet Desired,,0.1121737313,0.0,0.32,0.17,0.15,0.1,0.1,0.07,0.05,0.04,0.0,0.0,0.0,
,,,,$ Share of Wallet Desired,,11273460.0,,,,,,,,,,,,,
,,,,$ Share of Wallet Actived,,,5636730.0,7446730.0,8378730.0,9202730.0,9766730.0,10306730.0,10680730.0,10960730.0,11168730.0,11168730.0,11168730.0,11168730.0,11168730.0
,,,,$ Expansion Goal,,5636730.0,0.0,1803753.6,958244.1,845509.5,563673.0,563673.0,394571.1,281836.5,225469.2,0.0,0.0,0.0,5636730.0
,,,,,,,,,,,,,,,,,,,
,,,,$ Share of Wallet Remaining,,,94863270.0,93053270.0,92121270.0,91297270.0,90733270.0,90193270.0,89819270.0,89539270.0,89331270.0,89331270.0,89331270.0,89331270.0,
,,,,% Index Saturation Base,,,0.05608686567,0.07409681592,0.08337044776,0.09156945274,0.09718139303,0.1025545274,0.1062759204,0.10906199,0.1111316418,0.1111316418,0.1111316418,0.1111316418,0.1111316418
,,,,% Index Monetization Potential,,,0.9439131343,0.9259031841,0.9166295522,0.9084305473,0.902818607,0.8974454726,0.8937240796,0.89093801,0.8888683582,0.8888683582,0.8888683582,0.8888683582,0.8888683582
,,,,,,,,,,,,,,,,,,,
,,,,# Expansions,,,0.0,100.0,53.0,47.0,32.0,31.0,22.0,16.0,13.0,0.0,0.0,0.0,314.0
,,,,$ Medium Average Ticket,,,18100.0,18100.0,18100.0,18100.0,18100.0,18100.0,18100.0,18100.0,18100.0,18100.0,18100.0,18100.0,
,,,,$ Revenue Expansion,,,0.0,1810000.0,932000.0,824000.0,564000.0,540000.0,374000.0,280000.0,208000.0,0.0,0.0,0.0,5532000.0
,,,,,% [Saber],,0.25,0.25,0.25,0.25,0.25,0.25,0.25,0.25,0.25,0.25,0.25,0.25,
,,,,,% [Ter],,0.35,0.35,0.35,0.35,0.35,0.35,0.35,0.35,0.35,0.35,0.35,0.35,
,,,,,% [Executar-no loyalty],,0.2,0.2,0.2,0.2,0.2,0.2,0.2,0.2,0.2,0.2,0.2,0.2,
,,,,,% [Executar-loyalty],,0.2,0.2,0.2,0.2,0.2,0.2,0.2,0.2,0.2,0.2,0.2,0.2,
,,,,,% [Potencializar],,0.0,0.0,0.0,0.0,0.0,0.0,0.0,0.0,0.0,0.0,0.0,0.0,
,,,,,$ [Saber] Average Ticket ,,20000.0,20000.0,20000.0,20000.0,20000.0,20000.0,20000.0,20000.0,20000.0,20000.0,20000.0,20000.0,
,,,,,$ [Ter]  Average Ticket ,,10000.0,10000.0,10000.0,10000.0,10000.0,10000.0,10000.0,10000.0,10000.0,10000.0,10000.0,10000.0,
,,,,,$ [Executar-no loyalty] Average Ticket ,,6000.0,6000.0,6000.0,6000.0,6000.0,6000.0,6000.0,6000.0,6000.0,6000.0,6000.0,6000.0,
,,,,,$ [Executar-loyalty] Average Ticket ,,42000.0,42000.0,42000.0,42000.0,42000.0,42000.0,42000.0,42000.0,42000.0,42000.0,42000.0,42000.0,
,,,,,$ [Potencializar] Average Ticket ,,0.0,0.0,0.0,0.0,0.0,0.0,0.0,0.0,0.0,0.0,0.0,0.0,
,,,,,# Lowest Ticket Index,,3.0,3.0,3.0,3.0,3.0,3.0,3.0,3.0,3.0,3.0,3.0,3.0,
,,,,,,,,,,,,,,,,,,,
,,,,,# [Saber],,0.0,25.0,13.0,11.0,8.0,7.0,5.0,4.0,3.0,0.0,0.0,0.0,
,,,,,$ [Saber] Revenue Expansion,,0.0,500000.0,260000.0,220000.0,160000.0,140000.0,100000.0,80000.0,60000.0,0.0,0.0,0.0,
,,,,,,,,,,,,,,,,,,,
,,,,,# [Ter],,0.0,35.0,18.0,16.0,11.0,10.0,7.0,5.0,4.0,0.0,0.0,0.0,
,,,,,$ [Ter] Revenue Expansion,,0.0,350000.0,180000.0,160000.0,110000.0,100000.0,70000.0,50000.0,40000.0,0.0,0.0,0.0,
,,,,,,,,,,,,,,,,,,,
,,,,,# [Executar-no loyalty],,0.0,20.0,12.0,11.0,7.0,8.0,6.0,4.0,4.0,0.0,0.0,0.0,
,,,,,$ [Executar-no loyalty] Revenue Expansion,,0.0,120000.0,72000.0,66000.0,42000.0,48000.0,36000.0,24000.0,24000.0,0.0,0.0,0.0,
,,,,,,,,,,,,,,,,,,,
,,,,,# [Executar-loyalty],,0.0,20.0,10.0,9.0,6.0,6.0,4.0,3.0,2.0,0.0,0.0,0.0,
,,,,,$ [Executar-loyalty] Revenue Expansion,,0.0,840000.0,420000.0,378000.0,252000.0,252000.0,168000.0,126000.0,84000.0,0.0,0.0,0.0,
,,,,,,,,,,,,,,,,,,,
,,,,,# [Potencializar],,0.0,0.0,0.0,0.0,0.0,0.0,0.0,0.0,0.0,0.0,0.0,0.0,
,,,,,$ [Potencializar] Revenue Expansion,,0.0,0.0,0.0,0.0,0.0,0.0,0.0,0.0,0.0,0.0,0.0,0.0,
,,,,,,,,,,,,,,,,,,,
,,,,,,,,,,,,,,,,,,,
,,,Small,,,,,,,,,,,,,,,,
,,,,# Small Go Lives,,,474.0,,,,,,,,,,,,
,,,,$ Small Revenue Live,,0.2030260197,8661090.0,,,,,,,,,,,,
,,,,$ Annual WTP,,,90000.0,,,,,,,,,,,,
,,,,$ Total Share of Wallet,,,42660000.0,,,,,,,,,,,,
,,,,,,,,,,,,,,,,,,,
,,,,% Share of Wallet Desired,,0.3045390295,0.0,0.32,0.17,0.15,0.1,0.1,0.07,0.05,0.04,0.0,0.0,0.0,1.0
,,,,$ Share of Wallet Desired,,12991635.0,,,,,,,,,,,,,
,,,,$ Share of Wallet Actived,,,8661090.0,10051090.0,10789090.0,11439090.0,11879090.0,12309090.0,12617090.0,12837090.0,13013090.0,13013090.0,13013090.0,13013090.0,13013090.0
,,,,$ Expansion Goal,,4330545.0,0.0,1385774.4,736192.65,649581.75,433054.5,433054.5,303138.15,216527.25,173221.8,0.0,0.0,0.0,4330545.0
,,,,,,,,,,,,,,,,,,,
,,,,$ Share of Wallet Remaining,,,33998910.0,32608910.0,31870910.0,31220910.0,30780910.0,30350910.0,30042910.0,29822910.0,29646910.0,29646910.0,29646910.0,29646910.0,
,,,,% Index Saturation Base,,,0.2030260197,0.2356092358,0.2529088139,0.2681455696,0.2784596812,0.2885393812,0.2957592593,0.300916315,0.3050419597,0.3050419597,0.3050419597,0.3050419597,0.3050419597
,,,,% Index Monetization Potential,,,0.7969739803,0.7643907642,0.7470911861,0.7318544304,0.7215403188,0.7114606188,0.7042407407,0.699083685,0.6949580403,0.6949580403,0.6949580403,0.6949580403,0.6949580403
,,,,,,,,,,,,,,,,,,,
,,,,# Expansions,,,0.0,158.0,84.0,74.0,50.0,49.0,35.0,25.0,20.0,0.0,0.0,0.0,495.0
,,,,$ Small Average Ticket,,,8800.0,8800.0,8800.0,8800.0,8800.0,8800.0,8800.0,8800.0,8800.0,8800.0,8800.0,8800.0,
,,,,$ Revenue Expansion,,,0.0,1390000.0,738000.0,650000.0,440000.0,430000.0,308000.0,220000.0,176000.0,0.0,0.0,0.0,4352000.0
,,,,,% [Saber],,0.6,0.6,0.6,0.6,0.6,0.6,0.6,0.6,0.6,0.6,0.6,0.6,
,,,,,% [Ter],,0.4,0.4,0.4,0.4,0.4,0.4,0.4,0.4,0.4,0.4,0.4,0.4,
,,,,,% [Executar-no loyalty],,0.0,0.0,0.0,0.0,0.0,0.0,0.0,0.0,0.0,0.0,0.0,0.0,
,,,,,% [Executar-loyalty],,0.0,0.0,0.0,0.0,0.0,0.0,0.0,0.0,0.0,0.0,0.0,0.0,
,,,,,% [Potencializar],,0.0,0.0,0.0,0.0,0.0,0.0,0.0,0.0,0.0,0.0,0.0,0.0,
,,,,,$ [Saber] Average Ticket ,,8000.0,8000.0,8000.0,8000.0,8000.0,8000.0,8000.0,8000.0,8000.0,8000.0,8000.0,8000.0,
,,,,,$ [Ter]  Average Ticket ,,10000.0,10000.0,10000.0,10000.0,10000.0,10000.0,10000.0,10000.0,10000.0,10000.0,10000.0,10000.0,
,,,,,$ [Executar-no loyalty] Average Ticket ,,0.0,0.0,0.0,0.0,0.0,0.0,0.0,0.0,0.0,0.0,0.0,0.0,
,,,,,$ [Executar-loyalty] Average Ticket ,,0.0,0.0,0.0,0.0,0.0,0.0,0.0,0.0,0.0,0.0,0.0,0.0,
,,,,,$ [Potencializar] Average Ticket ,,0.0,0.0,0.0,0.0,0.0,0.0,0.0,0.0,0.0,0.0,0.0,0.0,
,,,,,# Lowest Ticket Index,,1.0,1.0,1.0,1.0,1.0,1.0,1.0,1.0,1.0,1.0,1.0,1.0,
,,,,,,,,,,,,,,,,,,,
,,,,,# [Saber],,0.0,95.0,51.0,45.0,30.0,30.0,21.0,15.0,12.0,0.0,0.0,0.0,
,,,,,$ [Saber] Revenue Expansion,,0.0,760000.0,408000.0,360000.0,240000.0,240000.0,168000.0,120000.0,96000.0,0.0,0.0,0.0,
,,,,,,,,,,,,,,,,,,,
,,,,,# [Ter],,0.0,63.0,33.0,29.0,20.0,19.0,14.0,10.0,8.0,0.0,0.0,0.0,
,,,,,$ [Ter] Revenue Expansion,,0.0,630000.0,330000.0,290000.0,200000.0,190000.0,140000.0,100000.0,80000.0,0.0,0.0,0.0,
,,,,,,,,,,,,,,,,,,,
,,,,,# [Executar-no loyalty],,0.0,0.0,0.0,0.0,0.0,0.0,0.0,0.0,0.0,0.0,0.0,0.0,
,,,,,$ [Executar-no loyalty] Revenue Expansion,,0.0,0.0,0.0,0.0,0.0,0.0,0.0,0.0,0.0,0.0,0.0,0.0,
,,,,,,,,,,,,,,,,,,,
,,,,,# [Executar-loyalty],,0.0,0.0,0.0,0.0,0.0,0.0,0.0,0.0,0.0,0.0,0.0,0.0,
,,,,,$ [Executar-loyalty] Revenue Expansion,,0.0,0.0,0.0,0.0,0.0,0.0,0.0,0.0,0.0,0.0,0.0,0.0,
,,,,,,,,,,,,,,,,,,,
,,,,,# [Potencializar],,0.0,0.0,0.0,0.0,0.0,0.0,0.0,0.0,0.0,0.0,0.0,0.0,
,,,,,$ [Potencializar] Revenue Expansion,,0.0,0.0,0.0,0.0,0.0,0.0,0.0,0.0,0.0,0.0,0.0,0.0,
,,,,,,,,,,,,,,,,,,,
,,,Tiny,,,,,,,,,,,,,,,,
,,,,# Tiny Go Lives,,,224.0,,,,,,,,,,,,
,,,,$ Tiny Revenue Live,,0.2690357143,3013200.0,,,,,,,,,,,,
,,,,$ Annual WTP,,,50000.0,,,,,,,,,,,,
,,,,$ Total Share of Wallet,,,11200000.0,,,,,,,,,,,,
,,,,,,,,,,,,,,,,,,,
,,,,% Share of Wallet Desired,,0.4035535714,0.0,0.32,0.17,0.15,0.1,0.1,0.07,0.05,0.04,0.0,0.0,0.0,
,,,,$ Share of Wallet Desired,,4519800.0,,,,,,,,,,,,,
,,,,$ Share of Wallet Actived,,,3013200.0,3495200.0,3753200.0,3983200.0,4133200.0,4283200.0,4391200.0,4469200.0,4533200.0,4533200.0,4533200.0,4533200.0,4533200.0
,,,,$ Expansion Goal,,1506600.0,0.0,482112.0,256122.0,225990.0,150660.0,150660.0,105462.0,75330.0,60264.0,0.0,0.0,0.0,1506600.0
,,,,,,,,,,,,,,,,,,,
,,,,$ Share of Wallet Remaining,,,8186800.0,7704800.0,7446800.0,7216800.0,7066800.0,6916800.0,6808800.0,6730800.0,6666800.0,6666800.0,6666800.0,6666800.0,
,,,,% Index Saturation Base,,,0.2690357143,0.04303571429,0.02303571429,0.02053571429,0.01339285714,0.01339285714,0.009642857143,0.006964285714,0.005714285714,0.0,0.0,0.0,0.40475
,,,,% Index Monetization Potential,,,0.7309642857,1.0,1.0,1.0,1.0,1.0,1.0,1.0,1.0,1.0,1.0,1.0,0.59525
,,,,,,,,,,,,,,,,,,,
,,,,# Expansions,,,0.0,67.0,36.0,32.0,21.0,21.0,15.0,11.0,9.0,0.0,0.0,0.0,212.0
,,,,$ Tiny Average Ticket,,,7200.0,7200.0,7200.0,7200.0,7200.0,7200.0,7200.0,7200.0,7200.0,7200.0,7200.0,7200.0,
,,,,$ Revenue Expansion,,,0.0,482000.0,258000.0,230000.0,150000.0,150000.0,108000.0,78000.0,64000.0,0.0,0.0,0.0,1520000.0
,,,,,% [Saber],,0.6,0.6,0.6,0.6,0.6,0.6,0.6,0.6,0.6,0.6,0.6,0.6,
,,,,,% [Ter],,0.4,0.4,0.4,0.4,0.4,0.4,0.4,0.4,0.4,0.4,0.4,0.4,
,,,,,% [Executar-no loyalty],,0.0,0.0,0.0,0.0,0.0,0.0,0.0,0.0,0.0,0.0,0.0,0.0,
,,,,,% [Executar-loyalty],,0.0,0.0,0.0,0.0,0.0,0.0,0.0,0.0,0.0,0.0,0.0,0.0,
,,,,,% [Potencializar],,0.0,0.0,0.0,0.0,0.0,0.0,0.0,0.0,0.0,0.0,0.0,0.0,
,,,,,$ [Saber] Average Ticket ,,8000.0,8000.0,8000.0,8000.0,8000.0,8000.0,8000.0,8000.0,8000.0,8000.0,8000.0,8000.0,
,,,,,$ [Ter]  Average Ticket ,,6000.0,6000.0,6000.0,6000.0,6000.0,6000.0,6000.0,6000.0,6000.0,6000.0,6000.0,6000.0,
,,,,,$ [Executar-no loyalty] Average Ticket ,,0.0,0.0,0.0,0.0,0.0,0.0,0.0,0.0,0.0,0.0,0.0,0.0,
,,,,,$ [Executar-loyalty] Average Ticket ,,0.0,0.0,0.0,0.0,0.0,0.0,0.0,0.0,0.0,0.0,0.0,0.0,
,,,,,$ [Potencializar] Average Ticket ,,0.0,0.0,0.0,0.0,0.0,0.0,0.0,0.0,0.0,0.0,0.0,0.0,
,,,,,# Lowest Ticket Index,,2.0,2.0,2.0,2.0,2.0,2.0,2.0,2.0,2.0,2.0,2.0,2.0,
,,,,,,,,,,,,,,,,,,,
,,,,,# [Saber],,0.0,40.0,21.0,19.0,12.0,12.0,9.0,6.0,5.0,0.0,0.0,0.0,
,,,,,$ [Saber] Revenue Expansion,,0.0,320000.0,168000.0,152000.0,96000.0,96000.0,72000.0,48000.0,40000.0,0.0,0.0,0.0,
,,,,,,,,,,,,,,,,,,,
,,,,,# [Ter],,0.0,27.0,15.0,13.0,9.0,9.0,6.0,5.0,4.0,0.0,0.0,0.0,
,,,,,$ [Ter] Revenue Expansion,,0.0,162000.0,90000.0,78000.0,54000.0,54000.0,36000.0,30000.0,24000.0,0.0,0.0,0.0,
,,,,,,,,,,,,,,,,,,,
,,,,,# [Executar-no loyalty],,0.0,0.0,0.0,0.0,0.0,0.0,0.0,0.0,0.0,0.0,0.0,0.0,
,,,,,$ [Executar-no loyalty] Revenue Expansion,,0.0,0.0,0.0,0.0,0.0,0.0,0.0,0.0,0.0,0.0,0.0,0.0,
,,,,,,,,,,,,,,,,,,,
,,,,,# [Executar-loyalty],,0.0,0.0,0.0,0.0,0.0,0.0,0.0,0.0,0.0,0.0,0.0,0.0,
,,,,,$ [Executar-loyalty] Revenue Expansion,,0.0,0.0,0.0,0.0,0.0,0.0,0.0,0.0,0.0,0.0,0.0,0.0,
,,,,,,,,,,,,,,,,,,,
,,,,,# [Potencializar],,0.0,0.0,0.0,0.0,0.0,0.0,0.0,0.0,0.0,0.0,0.0,0.0,
,,,,,$ [Potencializar] Revenue Expansion,,0.0,0.0,0.0,0.0,0.0,0.0,0.0,0.0,0.0,0.0,0.0,0.0,
,,,,,,,,,,,,,,,,,,,
,,,,,,,,,,,,,,,,,,,
,,,,,,,,,,,,,,,,,,,
,,,Revenue,,,,21834800.0,3713500.0,2420650.0,1838115.0,1266326.5,2591719.15,930651.065,1397580.172,2101120.589,480833.0475,443484.1523,1575794.087,40594573.76
,,,,,,,,,,,,,,,,,,,
,,,,,,,,,,,,,,,,,,,
,,,Activation,,,,21834800.0,0.0,0.0,0.0,0.0,0.0,0.0,0.0,0.0,0.0,0.0,0.0,21834800.0
,,,,,,,,,,,,,,,,,,,
,,,,Enterprise,,,1564800.0,0.0,0.0,0.0,0.0,0.0,0.0,0.0,0.0,0.0,0.0,0.0,
,,,,,[Saber],,600000.0,,,,,,,,,,,,
,,,,,[Ter],,94800.0,,,,,,,,,,,,
,,,,,[Executar-no loyalty],,0.0,,,,,,,,,,,,
,,,,,[Executar-loyalty],,870000.0,,,,,,,,,,,,
,,,,,[Potencializar],,0.0,,,,,,,,,,,,
,,,,,,,,,,,,,,,,,,,
,,,,Large,,,1656000.0,0.0,0.0,0.0,0.0,0.0,0.0,0.0,0.0,0.0,0.0,0.0,
,,,,,[Saber],,675000.0,,,,,,,,,,,,
,,,,,[Ter],,90000.0,,,,,,,,,,,,
,,,,,[Executar-no loyalty],,0.0,,,,,,,,,,,,
,,,,,[Executar-loyalty],,891000.0,,,,,,,,,,,,
,,,,,[Potencializar],,0.0,,,,,,,,,,,,
,,,,,,,,,,,,,,,,,,,
,,,,Medium,,,6061000.0,0.0,0.0,0.0,0.0,0.0,0.0,0.0,0.0,0.0,0.0,0.0,
,,,,,[Saber],,2580000.0,,,,,,,,,,,,
,,,,,[Ter],,345000.0,,,,,,,,,,,,
,,,,,[Executar-no loyalty],,0.0,,,,,,,,,,,,
,,,,,[Executar-loyalty],,3136000.0,,,,,,,,,,,,
,,,,,[Potencializar],,0.0,,,,,,,,,,,,
,,,,,,,,,,,,,,,,,,,
,,,,Small,,,9313000.0,0.0,0.0,0.0,0.0,0.0,0.0,0.0,0.0,0.0,0.0,0.0,
,,,,,[Saber],,8140000.0,,,,,,,,,,,,
,,,,,[Ter],,1173000.0,,,,,,,,,,,,
,,,,,[Executar-no loyalty],,0.0,,,,,,,,,,,,
,,,,,[Executar-loyalty],,0.0,,,,,,,,,,,,
,,,,,[Potencializar],,0.0,,,,,,,,,,,,
,,,,,,,,,,,,,,,,,,,
,,,,Tiny,,,3240000.0,0.0,0.0,0.0,0.0,0.0,0.0,0.0,0.0,0.0,0.0,0.0,
,,,,,[Saber],,2880000.0,,,,,,,,,,,,
,,,,,[Ter],,360000.0,,,,,,,,,,,,
,,,,,[Executar-no loyalty],,0.0,,,,,,,,,,,,
,,,,,[Executar-loyalty],,0.0,,,,,,,,,,,,
,,,,,[Potencializar],,0.0,,,,,,,,,,,,
,,,,,,,,,,,,,,,,,,,
,,,Renewall,,,,0.0,31500.0,34650.0,134115.0,112326.5,175719.15,140651.065,819580.1715,330120.5887,480833.0475,443484.1523,252794.0875,2955773.762
,,,,,,,,,,,,,,,,,,,
,,,,Enterprise,,,0.0,13500.0,14850.0,16335.0,17968.5,19765.35,21741.885,23916.0735,26307.68085,28938.44894,193652.2938,35015.52321,
,,,,,[Executar-no loyalty],,0.0,0.0,0.0,0.0,0.0,0.0,0.0,0.0,0.0,0.0,0.0,0.0,0.0
,,,,,[Executar-loyalty],,0.0,0.0,0.0,0.0,0.0,0.0,0.0,0.0,0.0,0.0,161820.0,0.0,161820.0
,,,,,[Potencializar],,0.0,13500.0,14850.0,16335.0,17968.5,19765.35,21741.885,23916.0735,26307.68085,28938.44894,31832.29383,35015.52321,250170.7553
,,,,,,,,,,,,,,,,,,,
,,,,Large,,,0.0,18000.0,19800.0,21780.0,36758.0,26353.8,39229.18,70288.098,43268.9078,235030.5986,80996.65844,61087.36428,
,,,,,[Executar-no loyalty],,0.0,0.0,0.0,0.0,12800.0,0.0,10240.0,38400.0,8192.0,30720.0,38553.6,0.0,138905.6
,,,,,[Executar-loyalty],,0.0,0.0,0.0,0.0,0.0,0.0,0.0,0.0,0.0,165726.0,0.0,14400.0,180126.0
,,,,,[Potencializar],,0.0,18000.0,19800.0,21780.0,23958.0,26353.8,28989.18,31888.098,35076.9078,38584.59858,42443.05844,46687.36428,333561.0071
,,,,,,,,,,,,,,,,,,,
,,,,Medium,,,0.0,0.0,0.0,96000.0,57600.0,129600.0,79680.0,725376.0,260544.0,216864.0,168835.2,156691.2,
,,,,,[Executar-no loyalty],,0.0,0.0,0.0,96000.0,57600.0,129600.0,79680.0,142080.0,92544.0,132864.0,93235.2,106291.2,929894.4
,,,,,[Executar-loyalty],,0.0,0.0,0.0,0.0,0.0,0.0,0.0,583296.0,168000.0,84000.0,75600.0,50400.0,961296.0
,,,,,[Potencializar],,0.0,0.0,0.0,0.0,0.0,0.0,0.0,0.0,0.0,0.0,0.0,0.0,0.0
,,,,,,,,,,,,,,,,,,,
,,,Expansion,,,,0.0,3682000.0,2386000.0,1704000.0,1154000.0,2416000.0,790000.0,578000.0,1771000.0,0.0,0.0,1323000.0,15804000.0
,,,,,,,,,,,,,,,,,,,
,,,,Enterprise,,,0.0,0.0,160000.0,0.0,0.0,400000.0,0.0,0.0,400000.0,0.0,0.0,400000.0,
,,,,,[Saber],,0.0,0.0,140000.0,0.0,0.0,350000.0,0.0,0.0,350000.0,0.0,0.0,350000.0,
,,,,,[Ter],,0.0,0.0,20000.0,0.0,0.0,50000.0,0.0,0.0,50000.0,0.0,0.0,50000.0,
,,,,,[Executar-no loyalty],,0.0,0.0,0.0,0.0,0.0,0.0,0.0,0.0,0.0,0.0,0.0,0.0,
,,,,,[Executar-loyalty],,0.0,0.0,0.0,0.0,0.0,0.0,0.0,0.0,0.0,0.0,0.0,0.0,
,,,,,[Potencializar],,0.0,0.0,0.0,0.0,0.0,0.0,0.0,0.0,0.0,0.0,0.0,0.0,
,,,,,,,,,,,,,,,,,,,
,,,,Large,,,0.0,0.0,298000.0,0.0,0.0,896000.0,0.0,0.0,923000.0,0.0,0.0,923000.0,
,,,,,[Saber],,0.0,0.0,150000.0,0.0,0.0,400000.0,0.0,0.0,425000.0,0.0,0.0,425000.0,
,,,,,[Ter],,0.0,0.0,60000.0,0.0,0.0,160000.0,0.0,0.0,170000.0,0.0,0.0,170000.0,
,,,,,[Executar-no loyalty],,0.0,0.0,16000.0,0.0,0.0,48000.0,0.0,0.0,40000.0,0.0,0.0,40000.0,
,,,,,[Executar-loyalty],,0.0,0.0,72000.0,0.0,0.0,288000.0,0.0,0.0,288000.0,0.0,0.0,288000.0,
,,,,,[Potencializar],,0.0,0.0,0.0,0.0,0.0,0.0,0.0,0.0,0.0,0.0,0.0,0.0,
,,,,,,,,,,,,,,,,,,,
,,,,Medium,,,0.0,1810000.0,932000.0,824000.0,564000.0,540000.0,374000.0,280000.0,208000.0,0.0,0.0,0.0,
,,,,,[Saber],,0.0,500000.0,260000.0,220000.0,160000.0,140000.0,100000.0,80000.0,60000.0,0.0,0.0,0.0,
,,,,,[Ter],,0.0,350000.0,180000.0,160000.0,110000.0,100000.0,70000.0,50000.0,40000.0,0.0,0.0,0.0,
,,,,,[Executar-no loyalty],,0.0,120000.0,72000.0,66000.0,42000.0,48000.0,36000.0,24000.0,24000.0,0.0,0.0,0.0,
,,,,,[Executar-loyalty],,0.0,840000.0,420000.0,378000.0,252000.0,252000.0,168000.0,126000.0,84000.0,0.0,0.0,0.0,
,,,,,[Potencializar],,0.0,0.0,0.0,0.0,0.0,0.0,0.0,0.0,0.0,0.0,0.0,0.0,
,,,,,,,,,,,,,,,,,,,
,,,,Small,,,0.0,1390000.0,738000.0,650000.0,440000.0,430000.0,308000.0,220000.0,176000.0,0.0,0.0,0.0,
,,,,,[Saber],,0.0,760000.0,408000.0,360000.0,240000.0,240000.0,168000.0,120000.0,96000.0,0.0,0.0,0.0,
,,,,,[Ter],,0.0,630000.0,330000.0,290000.0,200000.0,190000.0,140000.0,100000.0,80000.0,0.0,0.0,0.0,
,,,,,[Executar-no loyalty],,0.0,0.0,0.0,0.0,0.0,0.0,0.0,0.0,0.0,0.0,0.0,0.0,
,,,,,[Executar-loyalty],,0.0,0.0,0.0,0.0,0.0,0.0,0.0,0.0,0.0,0.0,0.0,0.0,
,,,,,[Potencializar],,0.0,0.0,0.0,0.0,0.0,0.0,0.0,0.0,0.0,0.0,0.0,0.0,
,,,,,,,,,,,,,,,,,,,
,,,,Tiny,,,0.0,482000.0,258000.0,230000.0,150000.0,150000.0,108000.0,78000.0,64000.0,0.0,0.0,0.0,
,,,,,[Saber],,0.0,320000.0,168000.0,152000.0,96000.0,96000.0,72000.0,48000.0,40000.0,0.0,0.0,0.0,
,,,,,[Ter],,0.0,162000.0,90000.0,78000.0,54000.0,54000.0,36000.0,30000.0,24000.0,0.0,0.0,0.0,
,,,,,[Executar-no loyalty],,0.0,0.0,0.0,0.0,0.0,0.0,0.0,0.0,0.0,0.0,0.0,0.0,
,,,,,[Executar-loyalty],,0.0,0.0,0.0,0.0,0.0,0.0,0.0,0.0,0.0,0.0,0.0,0.0,
,,,,,[Potencializar],,0.0,0.0,0.0,0.0,0.0,0.0,0.0,0.0,0.0,0.0,0.0,0.0,
